{
"type": "FeatureCollection",
"name": "toronto_fsa",
"crs": { "type": "name", "properties": { "name": "urn:ogc:def:crs:OGC:1.3:CRS84" } },
"features": [
{ "type": "Feature", "properties": { "fsa": "M1B" }, "geometry": { "type": "Polygon", "coordinates": [ [ [ -79.170245518623148, 43.855465496027506 ], [ -79.151909164559413, 43.814039839584083 ], [ -79.151339157372107, 43.814036306229227 ], [ -79.149590559885254, 43.812572908758945 ], [ -79.148076026673323, 43.812337343657425 ], [ -79.146223641383045, 43.811203548950182 ], [ -79.145867679459997, 43.810018795473198 ], [ -79.143264307663458, 43.810011898163388 ], [ -79.143042386591816, 43.809555047102791 ], [ -79.14151740626761, 43.809424296406164 ], [ -79.140525520268795, 43.808400511563036 ], [ -79.139407186964931, 43.808458220918425 ], [ -79.138849217855366, 43.807976381174612 ], [ -79.138287066598579, 43.80805015567099 ], [ -79.138043160562049, 43.807442199759812 ], [ -79.137522660563562, 43.807923436464669 ], [ -79.136953793929479, 43.807706830250602 ], [ -79.136053878879267, 43.808174473651654 ], [ -79.13401755695412, 43.806911130164991 ], [ -79.133761272051487, 43.806245598543605 ], [ -79.13433670104321, 43.804645915067596 ], [ -79.139560537088414, 43.8012021637674 ], [ -79.139560382178615, 43.79974730191848 ], [ -79.138532615787412, 43.79721249273581 ], [ -79.139578009339587, 43.796995400859011 ], [ -79.139390101276263, 43.796350195192026 ], [ -79.140302416860891, 43.796121496985023 ], [ -79.140737514708505, 43.796612010235599 ], [ -79.142263914511418, 43.7955355101343 ], [ -79.142225115128937, 43.795183790624478 ], [ -79.14310150016189, 43.794981890123545 ], [ -79.144114603393163, 43.797186307920676 ], [ -79.146068290833341, 43.798988699560219 ], [ -79.151214934590058, 43.795654190399382 ], [ -79.153395886129104, 43.795663589077328 ], [ -79.156107308082014, 43.796173210996002 ], [ -79.165923103891473, 43.799536912018233 ], [ -79.169837310612124, 43.800097488999931 ], [ -79.173241706488938, 43.799975213677278 ], [ -79.21529278571262, 43.793773493582208 ], [ -79.220540713871827, 43.792009609123852 ], [ -79.228292596870375, 43.787915291400751 ], [ -79.235281073743522, 43.785596568357668 ], [ -79.23874079532348, 43.793862008989713 ], [ -79.239827799911595, 43.795504605304799 ], [ -79.241764691809067, 43.801936007669269 ], [ -79.243925486381642, 43.806678188810615 ], [ -79.243788810659993, 43.80833821028051 ], [ -79.242802015477125, 43.810649504209273 ], [ -79.242955493285692, 43.813046801033217 ], [ -79.221276513934569, 43.81765150789677 ], [ -79.220884017810619, 43.818729395425407 ], [ -79.221059405813634, 43.81969008860019 ], [ -79.218013894969971, 43.819960302074286 ], [ -79.215063593482967, 43.818759900231797 ], [ -79.214698593985801, 43.819065092144541 ], [ -79.198728184695284, 43.823000403390161 ], [ -79.199466398239494, 43.824506605547157 ], [ -79.199205784341785, 43.826969496485653 ], [ -79.199679084257596, 43.827505282243337 ], [ -79.200985389171336, 43.825855754609961 ], [ -79.20165883620615, 43.825473393795157 ], [ -79.203404819977408, 43.826068200295012 ], [ -79.206064009789117, 43.825669499433381 ], [ -79.206376266155715, 43.825128793661413 ], [ -79.205753847189939, 43.824538902390707 ], [ -79.206656147171273, 43.823964091134577 ], [ -79.210064489959919, 43.82456925218662 ], [ -79.21167579380554, 43.826450655376874 ], [ -79.211188014342241, 43.827048145224602 ], [ -79.211391451686126, 43.827334809217184 ], [ -79.213540153778453, 43.827132194152767 ], [ -79.215435643294924, 43.826494009523763 ], [ -79.217433958813587, 43.827106846938463 ], [ -79.216643391957206, 43.828927700091739 ], [ -79.217453203839824, 43.830400510331984 ], [ -79.218217334490234, 43.830906204728237 ], [ -79.218681032248512, 43.832031606553556 ], [ -79.21942433960028, 43.832535660906494 ], [ -79.221541645319633, 43.832343462391478 ], [ -79.223862438280918, 43.834018244643737 ], [ -79.22402345075875, 43.835306890986111 ], [ -79.221816243134228, 43.836512554930025 ], [ -79.222874147337933, 43.837562292537015 ], [ -79.222680102213857, 43.838635202883282 ], [ -79.22410011601805, 43.839317247429094 ], [ -79.225992811857424, 43.839597704300495 ], [ -79.226663804813128, 43.841087961029352 ], [ -79.227813938748938, 43.842079755289099 ], [ -79.204480083240938, 43.847247506937812 ], [ -79.170245518623148, 43.855465496027506 ] ] ] } },
{ "type": "Feature", "properties": { "fsa": "M1C" }, "geometry": { "type": "Polygon", "coordinates": [ [ [ -79.135438834921857, 43.800828987794816 ], [ -79.134247734791686, 43.800908830458738 ], [ -79.131224348116348, 43.801887367354716 ], [ -79.127079371130947, 43.800118599058059 ], [ -79.125247141186506, 43.800235059547774 ], [ -79.124177330637423, 43.799102448059777 ], [ -79.124375479893985, 43.797679721219545 ], [ -79.124160319951116, 43.797406303525371 ], [ -79.123472916555968, 43.797177157634508 ], [ -79.121614208397091, 43.797409312122028 ], [ -79.120214826719732, 43.796156422612889 ], [ -79.120083476034168, 43.795802357045289 ], [ -79.121276783468886, 43.795108030172912 ], [ -79.120995422839968, 43.794730873203477 ], [ -79.119071031377416, 43.794757645709524 ], [ -79.117387244741096, 43.794385259098995 ], [ -79.116030384834971, 43.794999981861764 ], [ -79.115332941979105, 43.794718008033087 ], [ -79.117706757099285, 43.79335889040091 ], [ -79.119952743547003, 43.791459600840639 ], [ -79.126722945560246, 43.782812298350052 ], [ -79.126664542343605, 43.782215195212807 ], [ -79.127249166036663, 43.782102296721852 ], [ -79.128226338474832, 43.780766005575558 ], [ -79.129062534466911, 43.780506389826535 ], [ -79.132722237383547, 43.776670905054104 ], [ -79.138455562576311, 43.771388009188655 ], [ -79.141460635471319, 43.769400304033475 ], [ -79.144625597077592, 43.766572846392314 ], [ -79.145554851903981, 43.768458388719225 ], [ -79.145240714827565, 43.769293849289113 ], [ -79.145933838440058, 43.77019714571027 ], [ -79.14701136056155, 43.769841056600789 ], [ -79.147836000572099, 43.770554405432819 ], [ -79.149531144306636, 43.771038147581798 ], [ -79.150149409149236, 43.77039359535069 ], [ -79.151014253980108, 43.77054775485977 ], [ -79.151840348075439, 43.772154663401466 ], [ -79.153098442160697, 43.771834849742255 ], [ -79.154504557443389, 43.772427648025499 ], [ -79.160233544429175, 43.776805341043307 ], [ -79.163020457972792, 43.777055091691288 ], [ -79.163061131943692, 43.778608008983497 ], [ -79.163353206056328, 43.779084045202985 ], [ -79.163923561026863, 43.779033041439568 ], [ -79.164833116229644, 43.778132598152617 ], [ -79.165783890101409, 43.777927104515889 ], [ -79.165550900876184, 43.779480539382789 ], [ -79.167373187739628, 43.780195740373287 ], [ -79.167930147613603, 43.780044237896327 ], [ -79.168040458678703, 43.778889401080583 ], [ -79.169665908717306, 43.778404000930244 ], [ -79.169949336125839, 43.778736502346661 ], [ -79.16976366399912, 43.779454297456084 ], [ -79.170504036940329, 43.780032487847734 ], [ -79.171131788368044, 43.780051854548489 ], [ -79.171815484885983, 43.779475846739615 ], [ -79.173300251498887, 43.779693260805871 ], [ -79.1741072916479, 43.779360392939076 ], [ -79.176164383134179, 43.780767598521777 ], [ -79.178177007274954, 43.78068005281159 ], [ -79.181294806623441, 43.781303889883269 ], [ -79.183011654463542, 43.780226695446252 ], [ -79.185583489574825, 43.781180791914025 ], [ -79.186188350325665, 43.780809148376974 ], [ -79.186495492267056, 43.779583638038162 ], [ -79.186903687213714, 43.779229445977315 ], [ -79.189379486597133, 43.779319848398877 ], [ -79.190616099858559, 43.778877834423142 ], [ -79.193502795896364, 43.785641095131915 ], [ -79.193754898213882, 43.787980898348884 ], [ -79.195869699587519, 43.792802104048363 ], [ -79.196885535018922, 43.796527290818076 ], [ -79.173241706488938, 43.799975213677278 ], [ -79.169837310612124, 43.800097488999931 ], [ -79.165923103891473, 43.799536912018233 ], [ -79.156107308082014, 43.796173210996002 ], [ -79.153395886129104, 43.795663589077328 ], [ -79.151214934590058, 43.795654190399382 ], [ -79.146068290833341, 43.798988699560219 ], [ -79.144114603393163, 43.797186307920676 ], [ -79.14310150016189, 43.794981890123545 ], [ -79.142225115128937, 43.795183790624478 ], [ -79.142263914511418, 43.7955355101343 ], [ -79.140737514708505, 43.796612010235599 ], [ -79.140302416860891, 43.796121496985023 ], [ -79.139422786850162, 43.796337999289086 ], [ -79.139578009339587, 43.796995400859011 ], [ -79.138532615787412, 43.79721249273581 ], [ -79.139560382178615, 43.79974730191848 ], [ -79.139560537088414, 43.8012021637674 ], [ -79.13433670104321, 43.804645915067596 ], [ -79.133615807633632, 43.802931184112289 ], [ -79.135438834921857, 43.800828987794816 ] ] ] } },
{ "type": "Feature", "properties": { "fsa": "M1E" }, "geometry": { "type": "MultiPolygon", "coordinates": [ [ [ [ -79.167900339340818, 43.780082059595088 ], [ -79.165550900876184, 43.779480539382789 ], [ -79.165783890101409, 43.777927104515889 ], [ -79.164833116229644, 43.778132598152617 ], [ -79.163923561026863, 43.779033041439568 ], [ -79.163353206056328, 43.779084045202985 ], [ -79.163061131943692, 43.778608008983497 ], [ -79.163020457972792, 43.777055091691288 ], [ -79.160233544429175, 43.776805341043307 ], [ -79.154504557443389, 43.772427648025499 ], [ -79.153098442160697, 43.771834849742255 ], [ -79.151840348075439, 43.772154663401466 ], [ -79.151014253980108, 43.77054775485977 ], [ -79.150149409149236, 43.77039359535069 ], [ -79.149531144306636, 43.771038147581798 ], [ -79.147836000572099, 43.770554405432819 ], [ -79.14701136056155, 43.769841056600789 ], [ -79.145933838440058, 43.77019714571027 ], [ -79.145240714827565, 43.769293849289113 ], [ -79.145554851903981, 43.768458388719225 ], [ -79.144625597077592, 43.766572846392314 ], [ -79.147001863589836, 43.765362390186283 ], [ -79.151070153985202, 43.760588501146138 ], [ -79.152962159406158, 43.759165488276942 ], [ -79.158516241266142, 43.758747098807476 ], [ -79.166193962535459, 43.757051687337388 ], [ -79.174995242939275, 43.754047698559638 ], [ -79.179262542774012, 43.752062908866669 ], [ -79.181847356628509, 43.750221193902746 ], [ -79.186169260970757, 43.747788109861354 ], [ -79.188641265962531, 43.746836391622502 ], [ -79.195302552459935, 43.741299286686271 ], [ -79.195801856311803, 43.741244908243623 ], [ -79.197470741100545, 43.739185096960902 ], [ -79.202313835757991, 43.73575409939707 ], [ -79.204705948833706, 43.734995176491715 ], [ -79.20587161463105, 43.737687194461351 ], [ -79.207596209866097, 43.736056412658726 ], [ -79.208316598612996, 43.737715408642437 ], [ -79.208329015810179, 43.739381299985773 ], [ -79.2088503122568, 43.740640995738879 ], [ -79.208243417075323, 43.742252101304288 ], [ -79.207082883416362, 43.743269301022011 ], [ -79.207173510259977, 43.744396197887397 ], [ -79.206427692539862, 43.745248906629058 ], [ -79.205464995088278, 43.747538687062438 ], [ -79.205924901262364, 43.747942100967123 ], [ -79.206845712052655, 43.747470393498283 ], [ -79.207702613615268, 43.747888998689035 ], [ -79.203793090299612, 43.751933302822877 ], [ -79.201621302617426, 43.753114609883234 ], [ -79.201934261280883, 43.754216185841202 ], [ -79.203408832733189, 43.753904092789469 ], [ -79.203979332375482, 43.755650038507447 ], [ -79.202891531462782, 43.756012207852656 ], [ -79.20347831175161, 43.757731211571553 ], [ -79.202683195716375, 43.758603787368749 ], [ -79.202394943983421, 43.760685000493034 ], [ -79.201682303556424, 43.761086849386132 ], [ -79.202791939771203, 43.762584565329696 ], [ -79.201538593313828, 43.763060989473168 ], [ -79.201331657705552, 43.763894494671035 ], [ -79.203477464305934, 43.766689990400977 ], [ -79.200966640660283, 43.767711206194704 ], [ -79.199617715298444, 43.770543750326311 ], [ -79.198925945509558, 43.771091992946992 ], [ -79.198792701653019, 43.771728845228644 ], [ -79.199745503526856, 43.773090638443797 ], [ -79.199310546960575, 43.773964503553763 ], [ -79.198551515701496, 43.774420447265733 ], [ -79.198840598029278, 43.775747802085363 ], [ -79.198188803532062, 43.776158204729988 ], [ -79.196670934342279, 43.776244241938436 ], [ -79.195925704829975, 43.775532694164696 ], [ -79.195324390646618, 43.775439244737889 ], [ -79.194965405822643, 43.777243892996417 ], [ -79.193191313192443, 43.776757203614565 ], [ -79.192658547143211, 43.777261140147807 ], [ -79.192989609112203, 43.777976614608143 ], [ -79.192803715897369, 43.778338744995573 ], [ -79.191189638425911, 43.778526141588941 ], [ -79.189379486597133, 43.779319848398877 ], [ -79.186903687213714, 43.779229445977315 ], [ -79.186495492267056, 43.779583638038162 ], [ -79.186188350325665, 43.780809148376974 ], [ -79.185583489574825, 43.781180791914025 ], [ -79.183011654463542, 43.780226695446252 ], [ -79.181294806623441, 43.781303889883269 ], [ -79.178177007274954, 43.78068005281159 ], [ -79.176164383134179, 43.780767598521777 ], [ -79.1741072916479, 43.779360392939076 ], [ -79.173300251498887, 43.779693260805871 ], [ -79.171815484885983, 43.779475846739615 ], [ -79.171131788368044, 43.780051854548489 ], [ -79.170504036940329, 43.780032487847734 ], [ -79.16976366399912, 43.779454297456084 ], [ -79.169949336125839, 43.778736502346661 ], [ -79.169665908717306, 43.778404000930244 ], [ -79.167963357698355, 43.778957097678834 ], [ -79.167900339340818, 43.780082059595088 ] ] ], [ [ [ -79.193329984590562, 43.785336892996504 ], [ -79.211131667280824, 43.781177917941186 ], [ -79.212520209341804, 43.782417239296883 ], [ -79.213406049392049, 43.782733237464726 ], [ -79.213912956686471, 43.783745699665523 ], [ -79.214569316988175, 43.783669046057376 ], [ -79.21484263616064, 43.783101696919324 ], [ -79.215218493899911, 43.783085439321539 ], [ -79.216102482043567, 43.783849804654032 ], [ -79.217594409996693, 43.784252205160627 ], [ -79.217905946566958, 43.783269956469447 ], [ -79.219367732606983, 43.782683409719418 ], [ -79.219547654360525, 43.783474652107635 ], [ -79.220401962939135, 43.784019961843605 ], [ -79.220138703257078, 43.784505213251713 ], [ -79.220473709462752, 43.785236005629386 ], [ -79.221440060849019, 43.785773053960483 ], [ -79.223009175416593, 43.785617751873609 ], [ -79.222957445270325, 43.786972393417805 ], [ -79.222010113315861, 43.78762196039478 ], [ -79.222062158903299, 43.787980961422974 ], [ -79.223527251948894, 43.788475102801925 ], [ -79.224522963411687, 43.788417257402315 ], [ -79.225550890537008, 43.789217402668818 ], [ -79.220540713871827, 43.792009609123852 ], [ -79.215956391791792, 43.79361279512041 ], [ -79.196885535018922, 43.796527290818076 ], [ -79.195869699587519, 43.792802104048363 ], [ -79.193754898213882, 43.787980898348884 ], [ -79.193329984590562, 43.785336892996504 ] ] ] ] } },
{ "type": "Feature", "properties": { "fsa": "M1G" }, "geometry": { "type": "Polygon", "coordinates": [ [ [ -79.190616099858559, 43.778877834423142 ], [ -79.192869310619528, 43.778293646601213 ], [ -79.192658547143211, 43.777261140147807 ], [ -79.193191313192443, 43.776757203614565 ], [ -79.195083951358072, 43.777173399930682 ], [ -79.194968899346648, 43.77644035659057 ], [ -79.195324390646618, 43.775439244737889 ], [ -79.195925704829975, 43.775532694164696 ], [ -79.196670934342279, 43.776244241938436 ], [ -79.198188803532062, 43.776158204729988 ], [ -79.198840598029278, 43.775747802085363 ], [ -79.198551515701496, 43.774420447265733 ], [ -79.199310546960575, 43.773964503553763 ], [ -79.199745503526856, 43.773090638443797 ], [ -79.198792701653019, 43.771728845228644 ], [ -79.198925945509558, 43.771091992946992 ], [ -79.199617715298444, 43.770543750326311 ], [ -79.200966640660283, 43.767711206194704 ], [ -79.203426198961097, 43.766820144366271 ], [ -79.20323000178162, 43.766201159882286 ], [ -79.20251414102836, 43.765657009553337 ], [ -79.201331657705552, 43.763894494671035 ], [ -79.201538593313828, 43.763060989473168 ], [ -79.202791939771203, 43.762584565329696 ], [ -79.201682303556424, 43.761086849386132 ], [ -79.202394943983421, 43.760685000493034 ], [ -79.202683195716375, 43.758603787368749 ], [ -79.20347831175161, 43.757731211571553 ], [ -79.202891531462782, 43.756012207852656 ], [ -79.203979332375482, 43.755650038507447 ], [ -79.203408832733189, 43.753904092789469 ], [ -79.207023995628887, 43.7529592046712 ], [ -79.211281612637933, 43.751164272349719 ], [ -79.213480792429294, 43.754876308170097 ], [ -79.214265506911943, 43.757310598126146 ], [ -79.215096002733688, 43.75695439428933 ], [ -79.21558400465976, 43.755998597944178 ], [ -79.216374507858404, 43.755731797812672 ], [ -79.217525681638506, 43.755866804660961 ], [ -79.221081118144355, 43.755354995759937 ], [ -79.221766195112451, 43.754870497036173 ], [ -79.222812684617679, 43.755183900930973 ], [ -79.223328795867374, 43.755795187136812 ], [ -79.224040511637369, 43.755671213928984 ], [ -79.225503609967106, 43.760384797818652 ], [ -79.231744709189655, 43.776428697370037 ], [ -79.24174779187554, 43.774327392980425 ], [ -79.243946397796407, 43.780432389198118 ], [ -79.244541692510808, 43.780870209086245 ], [ -79.244318799128976, 43.781343095034153 ], [ -79.245044967921771, 43.783142726501367 ], [ -79.234607913725981, 43.785772209606385 ], [ -79.229171097364699, 43.787567505039831 ], [ -79.225550890537008, 43.789217402668818 ], [ -79.224522963411687, 43.788417257402315 ], [ -79.223527251948894, 43.788475102801925 ], [ -79.222062158903299, 43.787980961422974 ], [ -79.222010113315861, 43.78762196039478 ], [ -79.222957445270325, 43.786972393417805 ], [ -79.223009175416593, 43.785617751873609 ], [ -79.221440060849019, 43.785773053960483 ], [ -79.220473709462752, 43.785236005629386 ], [ -79.220138703257078, 43.784505213251713 ], [ -79.220401962939135, 43.784019961843605 ], [ -79.219547654360525, 43.783474652107635 ], [ -79.219367732606983, 43.782683409719418 ], [ -79.217905946566958, 43.783269956469447 ], [ -79.217594409996693, 43.784252205160627 ], [ -79.216102482043567, 43.783849804654032 ], [ -79.215218493899911, 43.783085439321539 ], [ -79.21484263616064, 43.783101696919324 ], [ -79.214569316988175, 43.783669046057376 ], [ -79.213912956686471, 43.783745699665523 ], [ -79.213406049392049, 43.782733237464726 ], [ -79.212520209341804, 43.782417239296883 ], [ -79.211131667280824, 43.781177917941186 ], [ -79.193329984590562, 43.785336892996504 ], [ -79.190616099858559, 43.778877834423142 ] ] ] } },
{ "type": "Feature", "properties": { "fsa": "M1H" }, "geometry": { "type": "Polygon", "coordinates": [ [ [ -79.241776288880075, 43.774512800173419 ], [ -79.231744709189655, 43.776428697370037 ], [ -79.225503609967106, 43.760384797818652 ], [ -79.224040511637369, 43.755671213928984 ], [ -79.225803396676525, 43.75528441002507 ], [ -79.229259211822921, 43.756040296546992 ], [ -79.233201400921843, 43.755885208670463 ], [ -79.232569288894709, 43.754993091396841 ], [ -79.230844903967053, 43.754921396644654 ], [ -79.231231386119433, 43.754026992326409 ], [ -79.233490001788894, 43.754521093119493 ], [ -79.234163806643892, 43.755684008335301 ], [ -79.234863599950671, 43.755541787448372 ], [ -79.233845832350895, 43.753171716096361 ], [ -79.234446099936832, 43.75304304432818 ], [ -79.2378734855169, 43.7534265063371 ], [ -79.238180347584475, 43.754097096785024 ], [ -79.239983802035383, 43.755113759092112 ], [ -79.241166349066702, 43.755234957319495 ], [ -79.242376536611999, 43.755781192622649 ], [ -79.243015842783706, 43.755660994444 ], [ -79.243220404083033, 43.755995505894226 ], [ -79.245410804288866, 43.755541197229604 ], [ -79.245624907171063, 43.756864804637722 ], [ -79.251320304330946, 43.771594213005088 ], [ -79.251991885397942, 43.774352704587059 ], [ -79.254796115915084, 43.781252072843948 ], [ -79.245044967921771, 43.783142726501367 ], [ -79.244318799128976, 43.781343095034153 ], [ -79.244541692510808, 43.780870209086245 ], [ -79.243946397796407, 43.780432389198118 ], [ -79.241776288880075, 43.774512800173419 ] ] ] } },
{ "type": "Feature", "properties": { "fsa": "M1J" }, "geometry": { "type": "Polygon", "coordinates": [ [ [ -79.213568086056384, 43.755282808384123 ], [ -79.211281612637933, 43.751164272349719 ], [ -79.206452074457744, 43.753154014080138 ], [ -79.201934261280883, 43.754216185841202 ], [ -79.201621302617426, 43.753114609883234 ], [ -79.203793090299612, 43.751933302822877 ], [ -79.207702613615268, 43.747888998689035 ], [ -79.206845712052655, 43.747470393498283 ], [ -79.205924901262364, 43.747942100967123 ], [ -79.205464995088278, 43.747538687062438 ], [ -79.206427692539862, 43.745248906629058 ], [ -79.207173510259977, 43.744396197887397 ], [ -79.206996103311866, 43.743682090946606 ], [ -79.207344598050653, 43.742823308833806 ], [ -79.207875406453624, 43.742516500606051 ], [ -79.209382814960861, 43.746105601798476 ], [ -79.217072388246081, 43.738875403034292 ], [ -79.217840914057305, 43.740655501120472 ], [ -79.219791200745036, 43.740217689945645 ], [ -79.219727802876193, 43.739424395719368 ], [ -79.220638994641618, 43.739267499661644 ], [ -79.221208729592277, 43.740977975296737 ], [ -79.224461398800656, 43.740191302368537 ], [ -79.225150813514915, 43.74178561342142 ], [ -79.228680223517031, 43.741053668875082 ], [ -79.228938293682134, 43.741411501992729 ], [ -79.242362095505925, 43.732999810331869 ], [ -79.245466622099727, 43.730565066713289 ], [ -79.255355295461683, 43.753519497770178 ], [ -79.243220404083033, 43.755995505894226 ], [ -79.243015842783706, 43.755660994444 ], [ -79.242376536611999, 43.755781192622649 ], [ -79.241166349066702, 43.755234957319495 ], [ -79.239983802035383, 43.755113759092112 ], [ -79.238180347584475, 43.754097096785024 ], [ -79.2378734855169, 43.7534265063371 ], [ -79.23420346536814, 43.753064149121059 ], [ -79.233845832350895, 43.753171716096361 ], [ -79.234863599950671, 43.755541787448372 ], [ -79.234163806643892, 43.755684008335301 ], [ -79.233490001788894, 43.754521093119493 ], [ -79.231231386119433, 43.754026992326409 ], [ -79.230844903967053, 43.754921396644654 ], [ -79.232569288894709, 43.754993091396841 ], [ -79.233201400921843, 43.755885208670463 ], [ -79.229259211822921, 43.756040296546992 ], [ -79.225803396676525, 43.75528441002507 ], [ -79.223328795867374, 43.755795187136812 ], [ -79.222812684617679, 43.755183900930973 ], [ -79.221766195112451, 43.754870497036173 ], [ -79.221081118144355, 43.755354995759937 ], [ -79.215848687738145, 43.755867700217919 ], [ -79.215212191240653, 43.756388990319458 ], [ -79.214993715076076, 43.757051794966991 ], [ -79.214265506911943, 43.757310598126146 ], [ -79.213568086056384, 43.755282808384123 ] ] ] } },
{ "type": "Feature", "properties": { "fsa": "M1K" }, "geometry": { "type": "Polygon", "coordinates": [ [ [ -79.255355295461683, 43.753519497770178 ], [ -79.245466622099727, 43.730565066713289 ], [ -79.247825002481292, 43.727722993535309 ], [ -79.265574855005099, 43.700880921197161 ], [ -79.269319886754417, 43.709915687557974 ], [ -79.2711569134798, 43.70948429295867 ], [ -79.271901797529466, 43.711206297930659 ], [ -79.272969588766998, 43.713788501095408 ], [ -79.271105181776548, 43.714151503987651 ], [ -79.277436015335937, 43.728594998997181 ], [ -79.278208605308038, 43.731207000909585 ], [ -79.281510572752737, 43.739326442971709 ], [ -79.272202578613445, 43.74338994076173 ], [ -79.26397693633038, 43.748574763409096 ], [ -79.263065807097647, 43.746366995474823 ], [ -79.260870715935923, 43.74668469936362 ], [ -79.261156182492897, 43.747976600295509 ], [ -79.258893497018263, 43.748482407698582 ], [ -79.257987893624943, 43.751430797607028 ], [ -79.258505584371548, 43.752852306725011 ], [ -79.255355295461683, 43.753519497770178 ] ] ] } },
{ "type": "Feature", "properties": { "fsa": "M1L" }, "geometry": { "type": "Polygon", "coordinates": [ [ [ -79.277866606495223, 43.730047812274705 ], [ -79.271105181776548, 43.714151503987651 ], [ -79.272969588766998, 43.713788501095408 ], [ -79.271901797529466, 43.711206297930659 ], [ -79.2711569134798, 43.70948429295867 ], [ -79.269319886754417, 43.709915687557974 ], [ -79.265574855005099, 43.700880921197161 ], [ -79.268979789298712, 43.696499093857241 ], [ -79.273599417724157, 43.693234290401534 ], [ -79.27906480436333, 43.691145192393158 ], [ -79.28751901663091, 43.689212535473473 ], [ -79.293657489706931, 43.70345679207054 ], [ -79.292658593443335, 43.703667002952663 ], [ -79.292971883041943, 43.704436998589252 ], [ -79.294264688166905, 43.707427486750113 ], [ -79.295275981738371, 43.707217507138047 ], [ -79.304498892727324, 43.729188899504202 ], [ -79.299769689984402, 43.73133350640844 ], [ -79.297495094550811, 43.725730508896113 ], [ -79.277866606495223, 43.730047812274705 ] ] ] } },
{ "type": "Feature", "properties": { "fsa": "M1M" }, "geometry": { "type": "MultiPolygon", "coordinates": [ [ [ [ -79.243819650829622, 43.700520497214228 ], [ -79.243830602692981, 43.700426211436998 ], [ -79.243896693439098, 43.700587505442655 ], [ -79.243819650829622, 43.700520497214228 ] ] ], [ [ [ -79.23852744121757, 43.703864395736382 ], [ -79.238721653352485, 43.703760503439803 ], [ -79.238755436535214, 43.70378638937553 ], [ -79.23852744121757, 43.703864395736382 ] ] ], [ [ [ -79.229182739308627, 43.711719683798549 ], [ -79.227173841774146, 43.711447993048161 ], [ -79.228215656416353, 43.710936596597222 ], [ -79.228022449614784, 43.710520089818047 ], [ -79.228308466981019, 43.709932989577212 ], [ -79.227795761047062, 43.709511089140129 ], [ -79.228128160895551, 43.709242911497142 ], [ -79.229169232831268, 43.709643499583578 ], [ -79.22961116646276, 43.709265294596513 ], [ -79.229101950476149, 43.708779789103808 ], [ -79.22843226692531, 43.708976390788834 ], [ -79.229351948190427, 43.708312709739083 ], [ -79.229498947034713, 43.707691708505621 ], [ -79.229817049859264, 43.707759994726928 ], [ -79.229919855877085, 43.708480604330568 ], [ -79.230974053252453, 43.708782199491004 ], [ -79.231835038440224, 43.70845739428605 ], [ -79.231240544205022, 43.709610203079592 ], [ -79.230292033190665, 43.709909493364407 ], [ -79.229946659041133, 43.710354887570929 ], [ -79.229207851672555, 43.710398884877456 ], [ -79.229182739308627, 43.711719683798549 ] ] ], [ [ [ -79.208316598612996, 43.737715408642437 ], [ -79.207596209866097, 43.736056412658726 ], [ -79.20587161463105, 43.737687194461351 ], [ -79.204705948833706, 43.734995176491715 ], [ -79.20567304819383, 43.734575109097065 ], [ -79.205748537964567, 43.734239994678177 ], [ -79.206417037820543, 43.734197583416368 ], [ -79.206861953207749, 43.733357105525897 ], [ -79.207615038699814, 43.733317987739909 ], [ -79.207944959275736, 43.732920691303974 ], [ -79.207810032717333, 43.732608694341437 ], [ -79.208670045690781, 43.732301195060948 ], [ -79.208906152372165, 43.731619595551308 ], [ -79.209918741423778, 43.731328405686099 ], [ -79.210195234440391, 43.730915097573963 ], [ -79.209779441005637, 43.73044609238805 ], [ -79.211106550720459, 43.729948908991169 ], [ -79.211510040394785, 43.72926178687198 ], [ -79.212462649469984, 43.729115907210826 ], [ -79.213400349912078, 43.727683499089672 ], [ -79.213081736936005, 43.727338492069457 ], [ -79.213764552965813, 43.726799289499517 ], [ -79.215278060146872, 43.726317203770954 ], [ -79.21832303514725, 43.722390489918403 ], [ -79.220371550379582, 43.72120670754957 ], [ -79.222742446837088, 43.719234990086896 ], [ -79.226063547876748, 43.7138800851436 ], [ -79.226094334811791, 43.712720186749713 ], [ -79.225202163274673, 43.71235899329109 ], [ -79.225782656653053, 43.71169949288425 ], [ -79.225027835901315, 43.711039089217905 ], [ -79.225644336503365, 43.710647507926836 ], [ -79.226499534573904, 43.708874506186618 ], [ -79.225858962936883, 43.708158403823788 ], [ -79.226024844760261, 43.707260297762929 ], [ -79.226320941079507, 43.707269302558558 ], [ -79.226579834723196, 43.708061503866467 ], [ -79.228088761444766, 43.70825999289962 ], [ -79.22714493771241, 43.708826984989784 ], [ -79.226810858596551, 43.709607785800834 ], [ -79.226323532286216, 43.711180595803128 ], [ -79.226510164734052, 43.712213197735885 ], [ -79.228256436700633, 43.712650884618981 ], [ -79.229523651937015, 43.712513408362163 ], [ -79.230539844141546, 43.711477092725396 ], [ -79.230088666048474, 43.710394994261428 ], [ -79.231167847575094, 43.710587507985835 ], [ -79.232423737465467, 43.709913500608593 ], [ -79.233098265219056, 43.709215088490801 ], [ -79.233460956901666, 43.707610696950084 ], [ -79.23179285449595, 43.706682702034684 ], [ -79.231392634540995, 43.706623002676764 ], [ -79.230936038953416, 43.707053299453356 ], [ -79.231074355086648, 43.706413102084483 ], [ -79.22982016853905, 43.705873887751288 ], [ -79.228624765989139, 43.707416898497257 ], [ -79.22758816721948, 43.707384995490969 ], [ -79.227604664331821, 43.707123402001478 ], [ -79.228354240811512, 43.706929489412005 ], [ -79.229252755531277, 43.705583195266406 ], [ -79.228954658644909, 43.704686197378336 ], [ -79.230985842728785, 43.705339595464565 ], [ -79.232027145889603, 43.704815490746093 ], [ -79.232661667619411, 43.705325186886455 ], [ -79.23326255165226, 43.705269105116244 ], [ -79.232648649450624, 43.706656697351711 ], [ -79.233755244299743, 43.706898508682606 ], [ -79.234090561092401, 43.706668993741758 ], [ -79.233939559178239, 43.706405494366997 ], [ -79.234325532556781, 43.706348895470796 ], [ -79.233591154293379, 43.705757206436608 ], [ -79.235890734833589, 43.704406804399213 ], [ -79.236532740387005, 43.703219788058547 ], [ -79.23637674523998, 43.702369692701986 ], [ -79.235448445325758, 43.701810992723161 ], [ -79.235547442352271, 43.701304383867246 ], [ -79.236291133801274, 43.70123199439017 ], [ -79.23741934149011, 43.702260691419653 ], [ -79.238672532070382, 43.701879798063771 ], [ -79.239170042042687, 43.702072890316337 ], [ -79.239111743284724, 43.702457198689366 ], [ -79.238279767270441, 43.702584589498535 ], [ -79.236762340932316, 43.704176799683204 ], [ -79.236597935633768, 43.704855985735321 ], [ -79.237335135279736, 43.705061199146677 ], [ -79.238556445913474, 43.704662598225653 ], [ -79.238354242900826, 43.704354595609708 ], [ -79.237566252181338, 43.70422648977712 ], [ -79.238572451144037, 43.704280694087636 ], [ -79.239603066067758, 43.703805091718877 ], [ -79.239288163745115, 43.7034465996067 ], [ -79.238037248695662, 43.703271401413502 ], [ -79.238348163500504, 43.702651187297597 ], [ -79.239313051560202, 43.703176790566168 ], [ -79.240781533511253, 43.703106898251448 ], [ -79.24315346175068, 43.701829103440133 ], [ -79.243915221880812, 43.70063275822352 ], [ -79.245318888522377, 43.704237391970089 ], [ -79.246727199381368, 43.704889294268298 ], [ -79.247483403910167, 43.706663011603069 ], [ -79.247431498480495, 43.70715421051888 ], [ -79.246761100363287, 43.707678299223744 ], [ -79.2512489075296, 43.718833406838122 ], [ -79.254133764730639, 43.718166531904451 ], [ -79.246135978120861, 43.729889208540754 ], [ -79.242982188443051, 43.732588506686312 ], [ -79.228938293682134, 43.741411501992729 ], [ -79.228680223517031, 43.741053668875082 ], [ -79.225150813514915, 43.74178561342142 ], [ -79.224461398800656, 43.740191302368537 ], [ -79.221208729592277, 43.740977975296737 ], [ -79.220638994641618, 43.739267499661644 ], [ -79.219727802876193, 43.739424395719368 ], [ -79.219791200745036, 43.740217689945645 ], [ -79.217840914057305, 43.740655501120472 ], [ -79.217072388246081, 43.738875403034292 ], [ -79.209382814960861, 43.746105601798476 ], [ -79.207875406453624, 43.742516500606051 ], [ -79.208321605129044, 43.742127312031371 ], [ -79.2088503122568, 43.740640995738879 ], [ -79.208329015810179, 43.739381299985773 ], [ -79.208316598612996, 43.737715408642437 ] ] ] ] } },
{ "type": "Feature", "properties": { "fsa": "M1N" }, "geometry": { "type": "Polygon", "coordinates": [ [ [ -79.246727199381368, 43.704889294268298 ], [ -79.245318888522377, 43.704237391970089 ], [ -79.243873240818246, 43.700380788894499 ], [ -79.255513335099209, 43.695105598137708 ], [ -79.256235041063874, 43.69408850284934 ], [ -79.256903751292711, 43.69408310717462 ], [ -79.257219058796522, 43.693627808196268 ], [ -79.257039041013556, 43.693391194263292 ], [ -79.257674660868688, 43.693477103263326 ], [ -79.25810744673727, 43.69291249279339 ], [ -79.257850841743632, 43.692635902512691 ], [ -79.258393548318935, 43.69270060614835 ], [ -79.258829754358445, 43.692164389304935 ], [ -79.258561360702046, 43.691815106181643 ], [ -79.259024263549534, 43.691965690200526 ], [ -79.259450439512634, 43.691560797553123 ], [ -79.259030259883062, 43.691084607575853 ], [ -79.259616053858124, 43.691212295380168 ], [ -79.260012743175324, 43.690731386034095 ], [ -79.259654363959285, 43.690412487914941 ], [ -79.260197444232745, 43.69044309383365 ], [ -79.260370452246732, 43.68970689972145 ], [ -79.260800544185798, 43.689826490304299 ], [ -79.263624157818114, 43.686745304615592 ], [ -79.266576166007624, 43.684618190593298 ], [ -79.266820355939331, 43.683837298473335 ], [ -79.267314652451688, 43.683831385782057 ], [ -79.267498743217402, 43.683170497994958 ], [ -79.267939540464354, 43.683211882956726 ], [ -79.268162045729184, 43.682503805251798 ], [ -79.269233153289534, 43.681850789551561 ], [ -79.269688453401201, 43.680736193243703 ], [ -79.27018104741407, 43.680875293827697 ], [ -79.270587059350433, 43.680485902234324 ], [ -79.270875261452076, 43.679975394781295 ], [ -79.270656833817696, 43.679730902695241 ], [ -79.271202351163126, 43.679866692122232 ], [ -79.271962631596992, 43.679178799822537 ], [ -79.272173666689923, 43.678812290753356 ], [ -79.271792965776399, 43.678508495946943 ], [ -79.272265231469561, 43.678730501875094 ], [ -79.272767547910803, 43.678429688642261 ], [ -79.27336073562077, 43.67734778814161 ], [ -79.273117258886359, 43.677058602876386 ], [ -79.27352016466844, 43.677212594694367 ], [ -79.274168338529989, 43.676641098166293 ], [ -79.274302464328642, 43.676305704688112 ], [ -79.273976444804376, 43.676060593977027 ], [ -79.274425160228276, 43.676254495111863 ], [ -79.274841749884885, 43.675949496076065 ], [ -79.275156258744445, 43.675331905108862 ], [ -79.27483665745892, 43.675081586186828 ], [ -79.275456652373862, 43.675242896422262 ], [ -79.276040042852969, 43.674488606871314 ], [ -79.275702235447966, 43.674074599998043 ], [ -79.276160356516968, 43.674285996317828 ], [ -79.276550048860628, 43.674035703824032 ], [ -79.276872161793392, 43.673271194649409 ], [ -79.277577452454622, 43.672785305552573 ], [ -79.277798161702023, 43.672185697779163 ], [ -79.277552943018321, 43.671930801584764 ], [ -79.278338565788331, 43.6721838922358 ], [ -79.27982251665847, 43.671071117388237 ], [ -79.28751901663091, 43.689212535473473 ], [ -79.276231404925895, 43.692060702232823 ], [ -79.272477293874402, 43.693864092377176 ], [ -79.269744190063719, 43.69579788863512 ], [ -79.266628406647257, 43.699285906441631 ], [ -79.254133764730639, 43.718166531904451 ], [ -79.2512489075296, 43.718833406838122 ], [ -79.246761100363287, 43.707678299223744 ], [ -79.247431498480495, 43.70715421051888 ], [ -79.247483403910167, 43.706663011603069 ], [ -79.246727199381368, 43.704889294268298 ] ] ] } },
{ "type": "Feature", "properties": { "fsa": "M1P" }, "geometry": { "type": "Polygon", "coordinates": [ [ [ -79.258893497018263, 43.748482407698582 ], [ -79.261182092280322, 43.747940992228791 ], [ -79.260807588107852, 43.746719807938064 ], [ -79.263065807097647, 43.746366995474823 ], [ -79.26397693633038, 43.748574763409096 ], [ -79.272202578613445, 43.74338994076173 ], [ -79.281510572752737, 43.739326442971709 ], [ -79.291351000137681, 43.763419988477615 ], [ -79.291323211935946, 43.765475697420534 ], [ -79.294410449962584, 43.77271742309231 ], [ -79.273688388377906, 43.777539193549067 ], [ -79.254796115915084, 43.781252072843948 ], [ -79.251991885397942, 43.774352704587059 ], [ -79.251320304330946, 43.771594213005088 ], [ -79.245624907171063, 43.756864804637722 ], [ -79.245410804288866, 43.755541197229604 ], [ -79.258505584371548, 43.752852306725011 ], [ -79.257987893624943, 43.751430797607028 ], [ -79.258893497018263, 43.748482407698582 ] ] ] } },
{ "type": "Feature", "properties": { "fsa": "M1R" }, "geometry": { "type": "Polygon", "coordinates": [ [ [ -79.291351000137681, 43.763419988477615 ], [ -79.277866606495223, 43.730047812274705 ], [ -79.297495094550811, 43.725730508896113 ], [ -79.299769689984402, 43.73133350640844 ], [ -79.304498892727324, 43.729188899504202 ], [ -79.305881894501113, 43.732540804027892 ], [ -79.307284983908161, 43.732102405783273 ], [ -79.30813551114278, 43.732763304693407 ], [ -79.310344288517172, 43.73237279599806 ], [ -79.312385901313121, 43.735725308252029 ], [ -79.30763639725123, 43.736816601788803 ], [ -79.308450116735898, 43.738791398294545 ], [ -79.30976630999686, 43.738351693108235 ], [ -79.310395893586119, 43.739810595724933 ], [ -79.313180213698303, 43.739275509826726 ], [ -79.312641921287721, 43.739949656666411 ], [ -79.312988672259735, 43.741098173899253 ], [ -79.314228396457437, 43.741491897738698 ], [ -79.309781591054346, 43.74213719913481 ], [ -79.315233700065704, 43.757862208716048 ], [ -79.319653011964022, 43.768357333094848 ], [ -79.311484914741129, 43.768802805429331 ], [ -79.294410449962584, 43.77271742309231 ], [ -79.291323211935946, 43.765475697420534 ], [ -79.291351000137681, 43.763419988477615 ] ] ] } },
{ "type": "Feature", "properties": { "fsa": "M1S" }, "geometry": { "type": "Polygon", "coordinates": [ [ [ -79.23874079532348, 43.793862008989713 ], [ -79.235281073743522, 43.785596568357668 ], [ -79.246425594265546, 43.782838896093722 ], [ -79.273688388377906, 43.777539193549067 ], [ -79.284524678117648, 43.775018684741411 ], [ -79.288251688143703, 43.783279805595583 ], [ -79.285344484968419, 43.783922510163073 ], [ -79.286182493404652, 43.785792197993629 ], [ -79.287474192731125, 43.786043300886881 ], [ -79.289453097931741, 43.785751104260527 ], [ -79.294334598382676, 43.797204690576983 ], [ -79.295510993317734, 43.796925109654261 ], [ -79.295966697632906, 43.79794928925913 ], [ -79.296733586908161, 43.798518994820689 ], [ -79.295150594644142, 43.799107596558912 ], [ -79.296585911077585, 43.801261095583534 ], [ -79.2854799966385, 43.803923206486353 ], [ -79.242955493285692, 43.813046801033217 ], [ -79.242802015477125, 43.810649504209273 ], [ -79.243788810659993, 43.80833821028051 ], [ -79.243925486381642, 43.806678188810615 ], [ -79.241764691809067, 43.801936007669269 ], [ -79.239827799911595, 43.795504605304799 ], [ -79.23874079532348, 43.793862008989713 ] ] ] } },
{ "type": "Feature", "properties": { "fsa": "M1T" }, "geometry": { "type": "Polygon", "coordinates": [ [ [ -79.296791406771248, 43.798672903445443 ], [ -79.295510993317734, 43.796925109654261 ], [ -79.294334598382676, 43.797204690576983 ], [ -79.289453097931741, 43.785751104260527 ], [ -79.287474192731125, 43.786043300886881 ], [ -79.286182493404652, 43.785792197993629 ], [ -79.285344484968419, 43.783922510163073 ], [ -79.288251688143703, 43.783279805595583 ], [ -79.284524678117648, 43.775018684741411 ], [ -79.310843497624617, 43.76891731201826 ], [ -79.314667003306994, 43.76843121132864 ], [ -79.319653011964022, 43.768357333094848 ], [ -79.325384302678884, 43.780340888588931 ], [ -79.322818804840992, 43.780987601746354 ], [ -79.321456894867438, 43.778140388717425 ], [ -79.320158807334934, 43.778346392532683 ], [ -79.320687810475775, 43.779866804321848 ], [ -79.321642299715791, 43.781285387992249 ], [ -79.31933849110635, 43.781899805725971 ], [ -79.315929009776966, 43.784271604816617 ], [ -79.308875580535286, 43.786007406804373 ], [ -79.308049287091393, 43.78676209469991 ], [ -79.307749995012315, 43.788292399656292 ], [ -79.30724438711853, 43.789032307984982 ], [ -79.302282890428685, 43.790435293388121 ], [ -79.305151914353274, 43.797104497340875 ], [ -79.303300982898051, 43.797500204831245 ], [ -79.302426708664029, 43.797208089683394 ], [ -79.301671207090763, 43.797732607494233 ], [ -79.302242902715292, 43.799137700605975 ], [ -79.301309414487719, 43.799334105453113 ], [ -79.300687883888855, 43.797964901498595 ], [ -79.299576086702373, 43.798228192182506 ], [ -79.300059388607608, 43.799412986575391 ], [ -79.299249687373091, 43.799654891991267 ], [ -79.299635706935049, 43.800506997573656 ], [ -79.296585911077585, 43.801261095583534 ], [ -79.295150594644142, 43.799107596558912 ], [ -79.296791406771248, 43.798672903445443 ] ] ] } },
{ "type": "Feature", "properties": { "fsa": "M1V" }, "geometry": { "type": "Polygon", "coordinates": [ [ [ -79.286280687044496, 43.803744697484881 ], [ -79.305969187429056, 43.798991099879238 ], [ -79.306551996315704, 43.800126197958711 ], [ -79.307992419172663, 43.801720494278406 ], [ -79.316912813709379, 43.821385790656066 ], [ -79.251026986042717, 43.836630000548908 ], [ -79.250957406886172, 43.832392294602627 ], [ -79.250422010236662, 43.830286298563742 ], [ -79.242955493285692, 43.813046801033217 ], [ -79.286280687044496, 43.803744697484881 ] ] ] } },
{ "type": "Feature", "properties": { "fsa": "M1W" }, "geometry": { "type": "Polygon", "coordinates": [ [ [ -79.307992419172663, 43.801720494278406 ], [ -79.305969187429056, 43.798991099879238 ], [ -79.299635706935049, 43.800506997573656 ], [ -79.299249687373091, 43.799654891991267 ], [ -79.300059388607608, 43.799412986575391 ], [ -79.299576086702373, 43.798228192182506 ], [ -79.300687883888855, 43.797964901498595 ], [ -79.301462404647197, 43.79934339617126 ], [ -79.302300587579197, 43.79906580743728 ], [ -79.301671207090763, 43.797732607494233 ], [ -79.302426708664029, 43.797208089683394 ], [ -79.303300982898051, 43.797500204831245 ], [ -79.305151914353274, 43.797104497340875 ], [ -79.302282890428685, 43.790435293388121 ], [ -79.30724438711853, 43.789032307984982 ], [ -79.307749995012315, 43.788292399656292 ], [ -79.308049287091393, 43.78676209469991 ], [ -79.308875580535286, 43.786007406804373 ], [ -79.315929009776966, 43.784271604816617 ], [ -79.31933849110635, 43.781899805725971 ], [ -79.321642299715791, 43.781285387992249 ], [ -79.320081994486728, 43.778426298748151 ], [ -79.321456894867438, 43.778140388717425 ], [ -79.322818804840992, 43.780987601746354 ], [ -79.325384302678884, 43.780340888588931 ], [ -79.331816500971669, 43.794009208051904 ], [ -79.341306181571539, 43.815643404788219 ], [ -79.316912813709379, 43.821385790656066 ], [ -79.307992419172663, 43.801720494278406 ] ] ] } },
{ "type": "Feature", "properties": { "fsa": "M1X" }, "geometry": { "type": "Polygon", "coordinates": [ [ [ -79.225849762802028, 43.839528195668834 ], [ -79.22410011601805, 43.839317247429094 ], [ -79.222680102213857, 43.838635202883282 ], [ -79.222874147337933, 43.837562292537015 ], [ -79.221816243134228, 43.836512554930025 ], [ -79.22402345075875, 43.835306890986111 ], [ -79.223862438280918, 43.834018244643737 ], [ -79.221541645319633, 43.832343462391478 ], [ -79.21942433960028, 43.832535660906494 ], [ -79.218681032248512, 43.832031606553556 ], [ -79.218217334490234, 43.830906204728237 ], [ -79.217453203839824, 43.830400510331984 ], [ -79.216643391957206, 43.828927700091739 ], [ -79.217433958813587, 43.827106846938463 ], [ -79.215435643294924, 43.826494009523763 ], [ -79.213540153778453, 43.827132194152767 ], [ -79.211391451686126, 43.827334809217184 ], [ -79.211188014342241, 43.827048145224602 ], [ -79.21167579380554, 43.826450655376874 ], [ -79.210064489959919, 43.82456925218662 ], [ -79.206656147171273, 43.823964091134577 ], [ -79.205753847189939, 43.824538902390707 ], [ -79.206376266155715, 43.825128793661413 ], [ -79.206064009789117, 43.825669499433381 ], [ -79.203404819977408, 43.826068200295012 ], [ -79.20165883620615, 43.825473393795157 ], [ -79.200985389171336, 43.825855754609961 ], [ -79.199679084257596, 43.827505282243337 ], [ -79.199205784341785, 43.826969496485653 ], [ -79.199466398239494, 43.824506605547157 ], [ -79.198756581141311, 43.822883808885635 ], [ -79.214698593985801, 43.819065092144541 ], [ -79.215063593482967, 43.818759900231797 ], [ -79.218013894969971, 43.819960302074286 ], [ -79.221059405813634, 43.81969008860019 ], [ -79.220884017810619, 43.818729395425407 ], [ -79.221276513934569, 43.81765150789677 ], [ -79.242955493285692, 43.813046801033217 ], [ -79.250422010236662, 43.830286298563742 ], [ -79.250957406886172, 43.832392294602627 ], [ -79.251026986042717, 43.836630000548908 ], [ -79.227813938748938, 43.842079755289099 ], [ -79.226663804813128, 43.841087961029352 ], [ -79.225849762802028, 43.839528195668834 ] ] ] } },
{ "type": "Feature", "properties": { "fsa": "M2H" }, "geometry": { "type": "Polygon", "coordinates": [ [ [ -79.341306181571539, 43.815643404788219 ], [ -79.331400413451632, 43.793099503007134 ], [ -79.335006102229997, 43.792753509268671 ], [ -79.339646695885691, 43.794837898407152 ], [ -79.341252494839225, 43.795203304444847 ], [ -79.343452215459521, 43.795217304079813 ], [ -79.36625071117993, 43.790134195428394 ], [ -79.369506905217094, 43.789977388719002 ], [ -79.375954415168962, 43.788563959020117 ], [ -79.375876062317062, 43.789843108199314 ], [ -79.376732632892498, 43.790184296318472 ], [ -79.376881445756155, 43.790727590696093 ], [ -79.377630560755705, 43.790936801695359 ], [ -79.378011158370583, 43.790498587448361 ], [ -79.378752237113673, 43.790556488346709 ], [ -79.378447231314397, 43.791455999137504 ], [ -79.377741051998782, 43.791523886280544 ], [ -79.376888633768246, 43.792422296898664 ], [ -79.376824537964751, 43.793124589004798 ], [ -79.380095362116251, 43.79415740098154 ], [ -79.3801556564203, 43.795339806362136 ], [ -79.3819049345812, 43.796393298190857 ], [ -79.382092692886786, 43.796816927260998 ], [ -79.381717645015513, 43.797742250476382 ], [ -79.382040183837105, 43.798174944215049 ], [ -79.381466317789148, 43.798943345067272 ], [ -79.380549856973502, 43.799364002230249 ], [ -79.381056395618543, 43.799592488861443 ], [ -79.380867554720155, 43.800009507918034 ], [ -79.380446465669039, 43.80029385655255 ], [ -79.379477382348256, 43.800259250698012 ], [ -79.381070114315079, 43.802730116787856 ], [ -79.379374000617076, 43.803520606974402 ], [ -79.378987906660697, 43.802195690465069 ], [ -79.377405994727766, 43.802864687449294 ], [ -79.38016580423546, 43.805503597070981 ], [ -79.380827082691823, 43.804954805508601 ], [ -79.382062988796974, 43.804765190565384 ], [ -79.383231087883644, 43.805048398569404 ], [ -79.383383600133456, 43.806083294641077 ], [ -79.341306181571539, 43.815643404788219 ] ] ] } },
{ "type": "Feature", "properties": { "fsa": "M2J" }, "geometry": { "type": "Polygon", "coordinates": [ [ [ -79.335228494913821, 43.792801806655824 ], [ -79.333590512275507, 43.792705894654141 ], [ -79.331400413451632, 43.793099503007134 ], [ -79.319653011964022, 43.768357333094848 ], [ -79.328866014012519, 43.768218910135637 ], [ -79.359642179255331, 43.766477476162706 ], [ -79.359865922763547, 43.767293899493396 ], [ -79.36081215365509, 43.768215871914997 ], [ -79.3611182226837, 43.769781148353843 ], [ -79.364756301764899, 43.772005006024671 ], [ -79.364712506154348, 43.772687449897816 ], [ -79.366406685526798, 43.773384136192547 ], [ -79.366635128529794, 43.773989483064945 ], [ -79.366029782484873, 43.774876538295601 ], [ -79.367359425506493, 43.774927952409278 ], [ -79.368485375518645, 43.77612244013801 ], [ -79.36951710922402, 43.775574209354708 ], [ -79.370132308293734, 43.775720033074741 ], [ -79.370111342810304, 43.776032009584696 ], [ -79.36920217653865, 43.776614218630762 ], [ -79.369367546880312, 43.777019904413237 ], [ -79.370257707312064, 43.777206405801842 ], [ -79.370866592568674, 43.778290554963839 ], [ -79.370714404259203, 43.778752833485335 ], [ -79.370213442292979, 43.77850232681353 ], [ -79.36998621336204, 43.778693854423487 ], [ -79.370311062760166, 43.779177230163221 ], [ -79.370453751422772, 43.781250587416736 ], [ -79.372287169909086, 43.781445963439069 ], [ -79.3734528620747, 43.782426989552626 ], [ -79.375797809641455, 43.781252034386455 ], [ -79.37632627317565, 43.781733632434154 ], [ -79.377658771245962, 43.782034621285085 ], [ -79.376397660621876, 43.783241119413709 ], [ -79.376636775800861, 43.783897754228285 ], [ -79.377346884946931, 43.784188348806161 ], [ -79.378084620214921, 43.785417920200643 ], [ -79.37749124149218, 43.786679029338238 ], [ -79.376464932678843, 43.787463325203753 ], [ -79.375892831187187, 43.788577421731524 ], [ -79.369506905217094, 43.789977388719002 ], [ -79.36625071117993, 43.790134195428394 ], [ -79.343452215459521, 43.795217304079813 ], [ -79.341252494839225, 43.795203304444847 ], [ -79.339646695885691, 43.794837898407152 ], [ -79.335228494913821, 43.792801806655824 ] ] ] } },
{ "type": "Feature", "properties": { "fsa": "M2K" }, "geometry": { "type": "Polygon", "coordinates": [ [ [ -79.389592544264772, 43.798479908586167 ], [ -79.388803009468049, 43.798083859461293 ], [ -79.388104755111357, 43.798492056756615 ], [ -79.387285804381548, 43.798389099064494 ], [ -79.385749642147019, 43.797562596257784 ], [ -79.384675215103542, 43.79750795434866 ], [ -79.38414154243398, 43.797059447700768 ], [ -79.38244765819033, 43.797192293407953 ], [ -79.3819049345812, 43.796393298190857 ], [ -79.3801556564203, 43.795339806362136 ], [ -79.380095362116251, 43.79415740098154 ], [ -79.376824537964751, 43.793124589004798 ], [ -79.376895640436331, 43.792413008300571 ], [ -79.377741051998782, 43.791523886280544 ], [ -79.378447231314397, 43.791455999137504 ], [ -79.378751262564194, 43.790638604612816 ], [ -79.378371155644956, 43.79041189526685 ], [ -79.377693849728473, 43.790924607597049 ], [ -79.376957147277764, 43.790757507485132 ], [ -79.376747047131417, 43.790199284589868 ], [ -79.375995243150228, 43.79000609766306 ], [ -79.375783946363455, 43.789514996393152 ], [ -79.376092855965709, 43.788018490599299 ], [ -79.377239989686814, 43.78702435901058 ], [ -79.378084620214921, 43.785417920200643 ], [ -79.377346884946931, 43.784188348806161 ], [ -79.376636775800861, 43.783897754228285 ], [ -79.376397660621876, 43.783241119413709 ], [ -79.377658771245962, 43.782034621285085 ], [ -79.37632627317565, 43.781733632434154 ], [ -79.375797809641455, 43.781252034386455 ], [ -79.3734528620747, 43.782426989552626 ], [ -79.372287169909086, 43.781445963439069 ], [ -79.370453751422772, 43.781250587416736 ], [ -79.370311062760166, 43.779177230163221 ], [ -79.36998621336204, 43.778693854423487 ], [ -79.370213442292979, 43.77850232681353 ], [ -79.370714404259203, 43.778752833485335 ], [ -79.370866592568674, 43.778290554963839 ], [ -79.370257707312064, 43.777206405801842 ], [ -79.369367546880312, 43.777019904413237 ], [ -79.36920217653865, 43.776614218630762 ], [ -79.370111342810304, 43.776032009584696 ], [ -79.370132308293734, 43.775720033074741 ], [ -79.36951710922402, 43.775574209354708 ], [ -79.368485375518645, 43.77612244013801 ], [ -79.367359425506493, 43.774927952409278 ], [ -79.366029782484873, 43.774876538295601 ], [ -79.366635128529794, 43.773989483064945 ], [ -79.366406685526798, 43.773384136192547 ], [ -79.364712506154348, 43.772687449897816 ], [ -79.364756301764899, 43.772005006024671 ], [ -79.3611182226837, 43.769781148353843 ], [ -79.36081215365509, 43.768215871914997 ], [ -79.359865922763547, 43.767293899493396 ], [ -79.359642179255331, 43.766477476162706 ], [ -79.374918402129111, 43.765641811902512 ], [ -79.387047802398058, 43.763318647016654 ], [ -79.388044896287539, 43.766581987634048 ], [ -79.395167600275173, 43.799142593754624 ], [ -79.392313510698031, 43.798967949184963 ], [ -79.391963493017897, 43.799309958928511 ], [ -79.391833313491816, 43.798821509383608 ], [ -79.391438913859744, 43.798784041752313 ], [ -79.390841658345536, 43.799187454006223 ], [ -79.391067214812807, 43.799772095366947 ], [ -79.390744312349739, 43.799955899297025 ], [ -79.390217261333035, 43.799658558723628 ], [ -79.389592544264772, 43.798479908586167 ] ] ] } },
{ "type": "Feature", "properties": { "fsa": "M2L" }, "geometry": { "type": "Polygon", "coordinates": [ [ [ -79.357921943485181, 43.764869536107845 ], [ -79.354945708599715, 43.764626970111522 ], [ -79.354421605623756, 43.763788922211972 ], [ -79.35384277034106, 43.763594938254215 ], [ -79.352939180575305, 43.763843225151753 ], [ -79.351622857084479, 43.763504855910213 ], [ -79.351175210606144, 43.763670497665416 ], [ -79.3509825527115, 43.76415516412419 ], [ -79.349790870581273, 43.763663709039363 ], [ -79.349378682817601, 43.763323577870295 ], [ -79.349842545910036, 43.761573225873725 ], [ -79.349741162077549, 43.760775142323382 ], [ -79.348760350272585, 43.760573829988743 ], [ -79.348307060721694, 43.759907121259971 ], [ -79.34649678899477, 43.759545202246244 ], [ -79.34590642350129, 43.758423759947448 ], [ -79.344509811417197, 43.757584625744769 ], [ -79.34390685291865, 43.756486606584282 ], [ -79.359958709872402, 43.752947598966145 ], [ -79.363405524999209, 43.753992441278228 ], [ -79.36313748914543, 43.755456775430027 ], [ -79.363736910087127, 43.756073305650965 ], [ -79.36376330117659, 43.755560505688003 ], [ -79.366362206747695, 43.755003411189556 ], [ -79.365717298810182, 43.753139411999776 ], [ -79.36970228302458, 43.752305008595229 ], [ -79.369927886333784, 43.7531456021445 ], [ -79.370614014139491, 43.753038302824883 ], [ -79.370442995745236, 43.751449492719672 ], [ -79.382665388099014, 43.748797691577749 ], [ -79.381312050698, 43.748139684821055 ], [ -79.381236858081536, 43.747493292936575 ], [ -79.380201754310576, 43.747162509266595 ], [ -79.379823762039635, 43.746536900181162 ], [ -79.3784309053584, 43.745961093321895 ], [ -79.378826857587683, 43.744876756839083 ], [ -79.377882900985796, 43.743336776833907 ], [ -79.373165145951148, 43.740989669640619 ], [ -79.372753266092289, 43.740364363602971 ], [ -79.371953062599815, 43.740550665556313 ], [ -79.371844562401492, 43.740893315641578 ], [ -79.37120639909871, 43.740412172151835 ], [ -79.370687416376285, 43.740676305827492 ], [ -79.370631508802816, 43.740206820623939 ], [ -79.371158537762909, 43.739796378904742 ], [ -79.37067075260498, 43.739606003345408 ], [ -79.37094559859537, 43.739074196006385 ], [ -79.370286927946395, 43.73865449847105 ], [ -79.373682200396658, 43.737910704038306 ], [ -79.376494687558377, 43.737689610821427 ], [ -79.379775814297574, 43.73666469200576 ], [ -79.381896814199465, 43.736401196859482 ], [ -79.383403617167502, 43.743982090952613 ], [ -79.385448112093655, 43.743695902853936 ], [ -79.385343495339072, 43.742505908865546 ], [ -79.384618692010875, 43.741748401754627 ], [ -79.384993713892115, 43.74119540598447 ], [ -79.385969309725255, 43.740939099159924 ], [ -79.386895002389139, 43.74115030491231 ], [ -79.387183794583464, 43.741955698804595 ], [ -79.389480707011046, 43.742906392977339 ], [ -79.394300593532364, 43.741929803947428 ], [ -79.396061369587173, 43.742635016220007 ], [ -79.396481525972135, 43.743262182482837 ], [ -79.397546478306268, 43.743659420842683 ], [ -79.39774381308321, 43.744118229923217 ], [ -79.398681396387559, 43.743909088462843 ], [ -79.399077293846887, 43.744896099229933 ], [ -79.384144318570634, 43.748052796044526 ], [ -79.385521289963222, 43.754816498372456 ], [ -79.387482396237189, 43.754412106072721 ], [ -79.389334180340498, 43.753447807623608 ], [ -79.391403303719486, 43.754107208624532 ], [ -79.391132607564828, 43.754940709888146 ], [ -79.389808385888756, 43.756146600735363 ], [ -79.391682495298667, 43.757595507778113 ], [ -79.391582608269417, 43.758080302069281 ], [ -79.391988896244627, 43.758680300382935 ], [ -79.393720592097367, 43.758956797279481 ], [ -79.395368596418663, 43.760042405812506 ], [ -79.396813511709865, 43.759432407884432 ], [ -79.397812614636806, 43.760166695160358 ], [ -79.392842509708544, 43.762059689729504 ], [ -79.374918402129111, 43.765641811902512 ], [ -79.359642179255331, 43.766477476162706 ], [ -79.359575019951194, 43.765846242514705 ], [ -79.357921943485181, 43.764869536107845 ] ] ] } },
{ "type": "Feature", "properties": { "fsa": "M2M" }, "geometry": { "type": "Polygon", "coordinates": [ [ [ -79.382062988796974, 43.804765190565384 ], [ -79.380827082691823, 43.804954805508601 ], [ -79.38016580423546, 43.805503597070981 ], [ -79.377405994727766, 43.802864687449294 ], [ -79.378987906660697, 43.802195690465069 ], [ -79.379374000617076, 43.803520606974402 ], [ -79.381070114315079, 43.802730116787856 ], [ -79.379477382348256, 43.800259250698012 ], [ -79.380446465669039, 43.80029385655255 ], [ -79.380867554720155, 43.800009507918034 ], [ -79.381056395618543, 43.799592488861443 ], [ -79.380549856973502, 43.799364002230249 ], [ -79.381466317789148, 43.798943345067272 ], [ -79.382040183837105, 43.798174944215049 ], [ -79.381717645015513, 43.797742250476382 ], [ -79.382092692886786, 43.796816927260998 ], [ -79.382514791566649, 43.797210953791286 ], [ -79.38414154243398, 43.797059447700768 ], [ -79.384675215103542, 43.79750795434866 ], [ -79.385749642147019, 43.797562596257784 ], [ -79.387285804381548, 43.798389099064494 ], [ -79.388104755111357, 43.798492056756615 ], [ -79.388517645491874, 43.798115510202251 ], [ -79.389124687536679, 43.798156394365073 ], [ -79.390744312349739, 43.799955899297025 ], [ -79.391067214812807, 43.799772095366947 ], [ -79.390841658345536, 43.799187454006223 ], [ -79.391438913859744, 43.798784041752313 ], [ -79.391833313491816, 43.798821509383608 ], [ -79.391963493017897, 43.799309958928511 ], [ -79.392313510698031, 43.798967949184963 ], [ -79.395167600275173, 43.799142593754624 ], [ -79.392136183985642, 43.784998301467311 ], [ -79.42297429614861, 43.778115901845162 ], [ -79.423414891947132, 43.779965893781707 ], [ -79.426404582351324, 43.779309808763081 ], [ -79.425388897307059, 43.777581908579876 ], [ -79.431711393032359, 43.776181695883444 ], [ -79.433141903187007, 43.782085506000996 ], [ -79.430266815364732, 43.782730291777845 ], [ -79.430851713901021, 43.784124890446293 ], [ -79.42816370571984, 43.784736212262892 ], [ -79.428399585426718, 43.785693804057011 ], [ -79.429533704041503, 43.785574400494454 ], [ -79.429827501268818, 43.786694895677215 ], [ -79.432240105985741, 43.786160813174568 ], [ -79.433302608049402, 43.789731804623258 ], [ -79.435890389476157, 43.789155004362073 ], [ -79.436577907212666, 43.789956708714712 ], [ -79.437162599942411, 43.791846489642893 ], [ -79.436855895156469, 43.792643607714062 ], [ -79.436010310175618, 43.793136296859842 ], [ -79.436554396325263, 43.794407212013347 ], [ -79.383383600133456, 43.806083294641077 ], [ -79.383231087883644, 43.805048398569404 ], [ -79.382062988796974, 43.804765190565384 ] ] ] } },
{ "type": "Feature", "properties": { "fsa": "M2N" }, "geometry": { "type": "Polygon", "coordinates": [ [ [ -79.392136183985642, 43.784998301467311 ], [ -79.387047802398058, 43.763318647016654 ], [ -79.392842509708544, 43.762059689729504 ], [ -79.39683100912896, 43.760639095783453 ], [ -79.411401427334056, 43.751676183397514 ], [ -79.414074693226482, 43.751542239151959 ], [ -79.415334268340587, 43.751993891184469 ], [ -79.416318797982655, 43.750494591553668 ], [ -79.417885801203866, 43.749750813148175 ], [ -79.420456467328677, 43.749315848873003 ], [ -79.422603750409294, 43.749748737690311 ], [ -79.42288429875164, 43.750594047115477 ], [ -79.423835332387711, 43.751673060475191 ], [ -79.428216760517145, 43.754283195176242 ], [ -79.428551344046483, 43.755445803702735 ], [ -79.430190191064412, 43.757474241014179 ], [ -79.433194588882515, 43.757222386357377 ], [ -79.433767333907184, 43.757555598687034 ], [ -79.433757056980483, 43.758051341938291 ], [ -79.434623581277023, 43.75825825297018 ], [ -79.435493888290495, 43.759030342582996 ], [ -79.437896661133351, 43.759129304710775 ], [ -79.438207808824842, 43.759565161613274 ], [ -79.437653431386892, 43.760092557472667 ], [ -79.437747247086691, 43.760618343161404 ], [ -79.43833750366818, 43.760735001348003 ], [ -79.438914259329337, 43.76146074182676 ], [ -79.439976025098431, 43.761562379486776 ], [ -79.440250982203438, 43.76268685567242 ], [ -79.425554021183942, 43.765971707100952 ], [ -79.430244415811075, 43.776486794026063 ], [ -79.425388897307059, 43.777581908579876 ], [ -79.426404582351324, 43.779309808763081 ], [ -79.423414891947132, 43.779965893781707 ], [ -79.42297429614861, 43.778115901845162 ], [ -79.392136183985642, 43.784998301467311 ] ] ] } },
{ "type": "Feature", "properties": { "fsa": "M2P" }, "geometry": { "type": "Polygon", "coordinates": [ [ [ -79.393831206862728, 43.759003304275126 ], [ -79.392208107043814, 43.75884551075589 ], [ -79.391582608269417, 43.758080302069281 ], [ -79.391682495298667, 43.757595507778113 ], [ -79.389808385888756, 43.756146600735363 ], [ -79.391132607564828, 43.754940709888146 ], [ -79.391403303719486, 43.754107208624532 ], [ -79.389334180340498, 43.753447807623608 ], [ -79.387482396237189, 43.754412106072721 ], [ -79.385521289963222, 43.754816498372456 ], [ -79.384144318570634, 43.748052796044526 ], [ -79.399077293846887, 43.744896099229933 ], [ -79.398681396387559, 43.743909088462843 ], [ -79.39774381308321, 43.744118229923217 ], [ -79.397546478306268, 43.743659420842683 ], [ -79.396481525972135, 43.743262182482837 ], [ -79.396061369587173, 43.742635016220007 ], [ -79.394300593532364, 43.741929803947428 ], [ -79.393933880044955, 43.740395567631886 ], [ -79.394441191486777, 43.7394557964816 ], [ -79.396364987366368, 43.739959992338299 ], [ -79.39685971358891, 43.739570797782477 ], [ -79.397007892145439, 43.738672504391282 ], [ -79.401497783954312, 43.738411200704924 ], [ -79.40187259871972, 43.738794607498249 ], [ -79.402567991090123, 43.738327203527234 ], [ -79.403948805266566, 43.738238392157292 ], [ -79.405124780240271, 43.736976309310059 ], [ -79.408098399994927, 43.749786289082842 ], [ -79.408376132159887, 43.753603907169648 ], [ -79.397923888764353, 43.760108410707382 ], [ -79.396813511709865, 43.759432407884432 ], [ -79.395368596418663, 43.760042405812506 ], [ -79.393831206862728, 43.759003304275126 ] ] ] } },
{ "type": "Feature", "properties": { "fsa": "M2R" }, "geometry": { "type": "Polygon", "coordinates": [ [ [ -79.435949496766639, 43.789272897005532 ], [ -79.433302608049402, 43.789731804623258 ], [ -79.432240105985741, 43.786160813174568 ], [ -79.429827501268818, 43.786694895677215 ], [ -79.429533704041503, 43.785574400494454 ], [ -79.428399585426718, 43.785693804057011 ], [ -79.42816370571984, 43.784736212262892 ], [ -79.430851713901021, 43.784124890446293 ], [ -79.430266815364732, 43.782730291777845 ], [ -79.433141903187007, 43.782085506000996 ], [ -79.431711393032359, 43.776181695883444 ], [ -79.430244415811075, 43.776486794026063 ], [ -79.425554021183942, 43.765971707100952 ], [ -79.440250982203438, 43.76268685567242 ], [ -79.439976025098431, 43.761562379486776 ], [ -79.44189725648134, 43.761281797448149 ], [ -79.443829145799555, 43.763580091674108 ], [ -79.445312212476765, 43.764431595650592 ], [ -79.445906991733338, 43.765990097896143 ], [ -79.44583800890868, 43.766732108898587 ], [ -79.446921454976064, 43.766916447720426 ], [ -79.447176006671754, 43.767513559902547 ], [ -79.448104200274983, 43.767953254436144 ], [ -79.450188964666538, 43.768544302185468 ], [ -79.450523008864366, 43.769459508492922 ], [ -79.452048987098536, 43.768822247509661 ], [ -79.452644859413951, 43.76958355225527 ], [ -79.455309908914217, 43.769318963823459 ], [ -79.45550118819645, 43.770623248854875 ], [ -79.456030836318988, 43.771144845721295 ], [ -79.456334057825089, 43.77209010288265 ], [ -79.458023051222497, 43.771298556133395 ], [ -79.460459433272007, 43.772147999528912 ], [ -79.464173941095211, 43.771721500596975 ], [ -79.465532653388792, 43.771866595089442 ], [ -79.46650564129952, 43.772726402758927 ], [ -79.465184148956027, 43.773171592129877 ], [ -79.465603335508561, 43.773887988994097 ], [ -79.462998551707571, 43.774295892258067 ], [ -79.462273660391531, 43.774915887814345 ], [ -79.46130755215448, 43.774982292830977 ], [ -79.461103465797663, 43.775573500751698 ], [ -79.460422740946868, 43.775773503433577 ], [ -79.46099174258201, 43.776135088227882 ], [ -79.458497603507226, 43.776740855846 ], [ -79.457552909946926, 43.778193114132513 ], [ -79.456918987359828, 43.778217795060684 ], [ -79.456629813055699, 43.778677514233948 ], [ -79.457198996987458, 43.779079693710827 ], [ -79.457302485591171, 43.779708242560211 ], [ -79.457835190444641, 43.779832888320911 ], [ -79.458095640601044, 43.781112394132748 ], [ -79.459216133020178, 43.7804599036645 ], [ -79.460694964318165, 43.780801146861243 ], [ -79.460905539468143, 43.781429548751127 ], [ -79.462090281155284, 43.782182956197985 ], [ -79.463380298293089, 43.784002398402009 ], [ -79.46555329444918, 43.784293953432922 ], [ -79.46755660572147, 43.78398934928979 ], [ -79.468204557654019, 43.784239862895731 ], [ -79.468517468310125, 43.784892942120671 ], [ -79.467264003383562, 43.784936141318326 ], [ -79.466004009621955, 43.785999800437111 ], [ -79.466247741961126, 43.786288638768035 ], [ -79.466094667434561, 43.786827669298518 ], [ -79.466847998177442, 43.787914878327491 ], [ -79.436554396325263, 43.794407212013347 ], [ -79.436010310175618, 43.793136296859842 ], [ -79.436855895156469, 43.792643607714062 ], [ -79.437162599942411, 43.791846489642893 ], [ -79.436577907212666, 43.789956708714712 ], [ -79.435949496766639, 43.789272897005532 ] ] ] } },
{ "type": "Feature", "properties": { "fsa": "M3A" }, "geometry": { "type": "Polygon", "coordinates": [ [ [ -79.315881611718495, 43.75936630338407 ], [ -79.309781591054346, 43.74213719913481 ], [ -79.313712297046095, 43.74153161032789 ], [ -79.324693997843767, 43.740783797815745 ], [ -79.330533863070258, 43.739785105051205 ], [ -79.330805123675134, 43.740176091945159 ], [ -79.330518580731763, 43.741072186841521 ], [ -79.3310331740809, 43.74152332492136 ], [ -79.332383171358728, 43.74151451984234 ], [ -79.333273121626249, 43.740895386491559 ], [ -79.334696441323644, 43.740646984504636 ], [ -79.335757189246053, 43.740898955053353 ], [ -79.33666091920243, 43.742185299021052 ], [ -79.336233363853992, 43.742877627604457 ], [ -79.336405274748657, 43.743432341962915 ], [ -79.337478279395143, 43.743826400572615 ], [ -79.338178526021167, 43.743454507956727 ], [ -79.339066465014, 43.743506891455958 ], [ -79.340150881765425, 43.744471001292432 ], [ -79.339721701367438, 43.745943466167589 ], [ -79.339183639620217, 43.746587535023764 ], [ -79.342217085703552, 43.747560506035633 ], [ -79.342421723415356, 43.748241611381061 ], [ -79.342189135106082, 43.749072041770724 ], [ -79.342601363862371, 43.749756147075594 ], [ -79.342592388046469, 43.750813185577123 ], [ -79.345369865791511, 43.751030939143021 ], [ -79.346353194229692, 43.751484238943675 ], [ -79.345310357964237, 43.75277932139128 ], [ -79.345554854353608, 43.754383010106238 ], [ -79.343689273663259, 43.755128259625366 ], [ -79.344010472773732, 43.756915409494823 ], [ -79.344672140383324, 43.757734225051848 ], [ -79.34590642350129, 43.758423759947448 ], [ -79.34649678899477, 43.759545202246244 ], [ -79.348307060721694, 43.759907121259971 ], [ -79.348760350272585, 43.760573829988743 ], [ -79.349741162077549, 43.760775142323382 ], [ -79.349467765927471, 43.763449186397771 ], [ -79.3509825527115, 43.76415516412419 ], [ -79.351175210606144, 43.763670497665416 ], [ -79.351622857084479, 43.763504855910213 ], [ -79.352939180575305, 43.763843225151753 ], [ -79.354231069094453, 43.763678611869004 ], [ -79.354945708599715, 43.764626970111522 ], [ -79.357921943485181, 43.764869536107845 ], [ -79.359575019951194, 43.765846242514705 ], [ -79.359642179255331, 43.766477476162706 ], [ -79.328866014012519, 43.768218910135637 ], [ -79.319653011964022, 43.768357333094848 ], [ -79.315881611718495, 43.75936630338407 ] ] ] } },
{ "type": "Feature", "properties": { "fsa": "M3B" }, "geometry": { "type": "Polygon", "coordinates": [ [ [ -79.345369865791511, 43.751030939143021 ], [ -79.342592388046469, 43.750813185577123 ], [ -79.342601363862371, 43.749756147075594 ], [ -79.342189135106082, 43.749072041770724 ], [ -79.342421723415356, 43.748241611381061 ], [ -79.342217085703552, 43.747560506035633 ], [ -79.339183639620217, 43.746587535023764 ], [ -79.339721701367438, 43.745943466167589 ], [ -79.340150881765425, 43.744471001292432 ], [ -79.339066465014, 43.743506891455958 ], [ -79.338178526021167, 43.743454507956727 ], [ -79.337478279395143, 43.743826400572615 ], [ -79.336405274748657, 43.743432341962915 ], [ -79.336233363853992, 43.742877627604457 ], [ -79.33666091920243, 43.742185299021052 ], [ -79.335757189246053, 43.740898955053353 ], [ -79.334696441323644, 43.740646984504636 ], [ -79.333273121626249, 43.740895386491559 ], [ -79.332383171358728, 43.74151451984234 ], [ -79.3310331740809, 43.74152332492136 ], [ -79.330518580731763, 43.741072186841521 ], [ -79.330805123675134, 43.740176091945159 ], [ -79.330533863070258, 43.739785105051205 ], [ -79.355968314884365, 43.734528909323146 ], [ -79.355001021315928, 43.729629426846849 ], [ -79.35718514709751, 43.729969202990198 ], [ -79.357051445363197, 43.73073871605915 ], [ -79.357507345868257, 43.730689230925137 ], [ -79.357569244217188, 43.731187275209017 ], [ -79.359409357841301, 43.731898488196357 ], [ -79.359105397089806, 43.732884161257871 ], [ -79.359277888628384, 43.733194698092056 ], [ -79.360852987963881, 43.733352339091944 ], [ -79.361898969488408, 43.734147327995686 ], [ -79.364936204630908, 43.733482108791804 ], [ -79.362249910215425, 43.731813903903408 ], [ -79.360483797718473, 43.729645697804429 ], [ -79.360262884051551, 43.726365206218091 ], [ -79.363735710191534, 43.725586592109885 ], [ -79.364258394624528, 43.726908605104164 ], [ -79.364791692168581, 43.727384496852352 ], [ -79.365170196405145, 43.729901911719615 ], [ -79.36764509128254, 43.729298009405426 ], [ -79.369206017699767, 43.729428394021987 ], [ -79.370514007895665, 43.730185294063773 ], [ -79.372043494359758, 43.731935904715783 ], [ -79.380520297955698, 43.730237598795156 ], [ -79.380644216583121, 43.729669319370764 ], [ -79.381443382455899, 43.730214336853976 ], [ -79.381095113266198, 43.731995098167118 ], [ -79.381896814199465, 43.736401196859482 ], [ -79.379775814297574, 43.73666469200576 ], [ -79.376494687558377, 43.737689610821427 ], [ -79.373682200396658, 43.737910704038306 ], [ -79.370286927946395, 43.73865449847105 ], [ -79.37094559859537, 43.739074196006385 ], [ -79.37067075260498, 43.739606003345408 ], [ -79.371158537762909, 43.739796378904742 ], [ -79.370631508802816, 43.740206820623939 ], [ -79.370687416376285, 43.740676305827492 ], [ -79.37120639909871, 43.740412172151835 ], [ -79.371844562401492, 43.740893315641578 ], [ -79.371953062599815, 43.740550665556313 ], [ -79.372753266092289, 43.740364363602971 ], [ -79.373165145951148, 43.740989669640619 ], [ -79.377882900985796, 43.743336776833907 ], [ -79.378826857587683, 43.744876756839083 ], [ -79.3784309053584, 43.745961093321895 ], [ -79.379823762039635, 43.746536900181162 ], [ -79.380201754310576, 43.747162509266595 ], [ -79.381236858081536, 43.747493292936575 ], [ -79.381312050698, 43.748139684821055 ], [ -79.382665388099014, 43.748797691577749 ], [ -79.370442995745236, 43.751449492719672 ], [ -79.370614014139491, 43.753038302824883 ], [ -79.369927886333784, 43.7531456021445 ], [ -79.36970228302458, 43.752305008595229 ], [ -79.365717298810182, 43.753139411999776 ], [ -79.366362206747695, 43.755003411189556 ], [ -79.36376330117659, 43.755560505688003 ], [ -79.363736910087127, 43.756073305650965 ], [ -79.36313748914543, 43.755456775430027 ], [ -79.363405524999209, 43.753992441278228 ], [ -79.359958709872402, 43.752947598966145 ], [ -79.34390685291865, 43.756486606584282 ], [ -79.343689273663259, 43.755128259625366 ], [ -79.345554854353608, 43.754383010106238 ], [ -79.345310357964237, 43.75277932139128 ], [ -79.346368042897964, 43.751571683036516 ], [ -79.345369865791511, 43.751030939143021 ] ] ] } },
{ "type": "Feature", "properties": { "fsa": "M3C" }, "geometry": { "type": "Polygon", "coordinates": [ [ [ -79.329872089969243, 43.73405348820318 ], [ -79.328125561088413, 43.734208636489839 ], [ -79.327403167109665, 43.732895157431493 ], [ -79.326899668754351, 43.732896131342024 ], [ -79.326045903757304, 43.732158474931538 ], [ -79.32487109574933, 43.731783462403833 ], [ -79.324591877641851, 43.731066186031086 ], [ -79.32517847632144, 43.729502879470921 ], [ -79.322852285966562, 43.729519492502106 ], [ -79.320104728628394, 43.731606198187158 ], [ -79.319639557350314, 43.731455050805479 ], [ -79.319600200989115, 43.730923071447847 ], [ -79.320112671737718, 43.730572551027763 ], [ -79.32037663179473, 43.729690404902563 ], [ -79.318629195063139, 43.729085487743866 ], [ -79.320479250068175, 43.728002524853125 ], [ -79.323144147102894, 43.727181355190034 ], [ -79.323184360134192, 43.726302383400551 ], [ -79.322292802820584, 43.725379250836887 ], [ -79.32330454058939, 43.723301768480383 ], [ -79.323387903200882, 43.722168094837841 ], [ -79.326848725847256, 43.721124568970616 ], [ -79.32651681980677, 43.720494003955864 ], [ -79.325724295999024, 43.720347017711589 ], [ -79.324148741839736, 43.720667439577142 ], [ -79.322620934866009, 43.719857414351473 ], [ -79.322509863755926, 43.719327909029232 ], [ -79.323896262534532, 43.718444657273707 ], [ -79.323568650713455, 43.716797529897789 ], [ -79.322148104006885, 43.716189570622362 ], [ -79.320196209880308, 43.71591869282895 ], [ -79.320066086691682, 43.715528064580283 ], [ -79.319440363900341, 43.715675555208442 ], [ -79.319296552780216, 43.712699009815417 ], [ -79.319889344024929, 43.711668361441049 ], [ -79.329001973117897, 43.709660830395592 ], [ -79.330982910026762, 43.707688112066357 ], [ -79.332342136829297, 43.703212872779766 ], [ -79.333037420580908, 43.703421727621077 ], [ -79.333887578400137, 43.702998237972942 ], [ -79.335371391699624, 43.70317739241456 ], [ -79.335016930937982, 43.703737446053964 ], [ -79.335255823622703, 43.704168377811399 ], [ -79.33826807666523, 43.705491764536063 ], [ -79.337171772178479, 43.706790767202044 ], [ -79.338060721537744, 43.707422750003118 ], [ -79.337762532407794, 43.708060990561549 ], [ -79.338200645943971, 43.709506213127106 ], [ -79.339479839613389, 43.710199100232749 ], [ -79.339356114186955, 43.710605503804082 ], [ -79.340233654092913, 43.711318224098243 ], [ -79.340340720413423, 43.711763180310328 ], [ -79.339491256812238, 43.712521032455022 ], [ -79.339601719129377, 43.712930270905545 ], [ -79.341591130012048, 43.712817274273633 ], [ -79.342854623651732, 43.713371685744875 ], [ -79.343515202259013, 43.714157542115181 ], [ -79.344567852312053, 43.714625664418598 ], [ -79.344867641768033, 43.715214588251129 ], [ -79.346767663876463, 43.715147970646932 ], [ -79.347076107462058, 43.71611765605109 ], [ -79.348650989721023, 43.716334132769383 ], [ -79.350148594791548, 43.715793175750804 ], [ -79.352285358809851, 43.715733957543897 ], [ -79.352534364553136, 43.71625016990324 ], [ -79.353164356635602, 43.716542694598914 ], [ -79.353668320919311, 43.721060177421194 ], [ -79.36159355243484, 43.71979478054115 ], [ -79.36229327205578, 43.720149391982233 ], [ -79.363066409764116, 43.720066662708739 ], [ -79.363899405665734, 43.720873952485363 ], [ -79.365324687210133, 43.720400417960313 ], [ -79.365601913065689, 43.720789483478036 ], [ -79.364741952442031, 43.722095543723164 ], [ -79.365029394615192, 43.723369986420813 ], [ -79.364674373222385, 43.724405528665869 ], [ -79.365534782641276, 43.725122236497789 ], [ -79.365821273596836, 43.726104468069096 ], [ -79.36687394377806, 43.727294205981231 ], [ -79.367302213358087, 43.727243530720152 ], [ -79.367535549239264, 43.726800714863472 ], [ -79.368295180970563, 43.727362268161926 ], [ -79.369295142324759, 43.726602632713288 ], [ -79.370580064172628, 43.726635335737974 ], [ -79.370916736675866, 43.726797148948386 ], [ -79.370888782136518, 43.727345007087024 ], [ -79.372331327845643, 43.72782685980593 ], [ -79.372557406615798, 43.727446731350803 ], [ -79.37202794920934, 43.726930989100275 ], [ -79.37336224825161, 43.72680072753937 ], [ -79.374319967593038, 43.727781169840682 ], [ -79.373734612701668, 43.728617790878026 ], [ -79.375549936371698, 43.730330295894241 ], [ -79.375889743465365, 43.730365872204132 ], [ -79.377536525493227, 43.728953287534196 ], [ -79.378950068149635, 43.72958190503671 ], [ -79.379239890137214, 43.728675334816039 ], [ -79.379970869918452, 43.728943735205327 ], [ -79.380644216583121, 43.729669319370764 ], [ -79.380520297955698, 43.730237598795156 ], [ -79.372043494359758, 43.731935904715783 ], [ -79.370514007895665, 43.730185294063773 ], [ -79.369206017699767, 43.729428394021987 ], [ -79.36764509128254, 43.729298009405426 ], [ -79.365170196405145, 43.729901911719615 ], [ -79.364791692168581, 43.727384496852352 ], [ -79.364258394624528, 43.726908605104164 ], [ -79.363735710191534, 43.725586592109885 ], [ -79.360262884051551, 43.726365206218091 ], [ -79.360483797718473, 43.729645697804429 ], [ -79.362249910215425, 43.731813903903408 ], [ -79.364936204630908, 43.733482108791804 ], [ -79.361898969488408, 43.734147327995686 ], [ -79.360852987963881, 43.733352339091944 ], [ -79.359277888628384, 43.733194698092056 ], [ -79.359105397089806, 43.732884161257871 ], [ -79.359409357841301, 43.731898488196357 ], [ -79.357569244217188, 43.731187275209017 ], [ -79.357507345868257, 43.730689230925137 ], [ -79.357051445363197, 43.73073871605915 ], [ -79.35718514709751, 43.729969202990198 ], [ -79.355001021315928, 43.729629426846849 ], [ -79.355968314884365, 43.734528909323146 ], [ -79.330533863070258, 43.739785105051205 ], [ -79.330128116222397, 43.739077004069387 ], [ -79.330184252226061, 43.738487850247829 ], [ -79.331551035538524, 43.737141075654549 ], [ -79.330695379666224, 43.736358705693497 ], [ -79.331194096072863, 43.735026204226131 ], [ -79.329872089969243, 43.73405348820318 ] ] ] } },
{ "type": "Feature", "properties": { "fsa": "M3H" }, "geometry": { "type": "Polygon", "coordinates": [ [ [ -79.466847998177442, 43.787914878327491 ], [ -79.466062047986227, 43.785875189466111 ], [ -79.467264003383562, 43.784936141318326 ], [ -79.468517468310125, 43.784892942120671 ], [ -79.468204557654019, 43.784239862895731 ], [ -79.46755660572147, 43.78398934928979 ], [ -79.46555329444918, 43.784293953432922 ], [ -79.463380298293089, 43.784002398402009 ], [ -79.462090281155284, 43.782182956197985 ], [ -79.460905539468143, 43.781429548751127 ], [ -79.460694964318165, 43.780801146861243 ], [ -79.459216133020178, 43.7804599036645 ], [ -79.458095640601044, 43.781112394132748 ], [ -79.457835190444641, 43.779832888320911 ], [ -79.457302485591171, 43.779708242560211 ], [ -79.457198996987458, 43.779079693710827 ], [ -79.456629813055699, 43.778677514233948 ], [ -79.456918987359828, 43.778217795060684 ], [ -79.457552909946926, 43.778193114132513 ], [ -79.458497603507226, 43.776740855846 ], [ -79.46099174258201, 43.776135088227882 ], [ -79.460422740946868, 43.775773503433577 ], [ -79.461103465797663, 43.775573500751698 ], [ -79.46130755215448, 43.774982292830977 ], [ -79.462273660391531, 43.774915887814345 ], [ -79.462998551707571, 43.774295892258067 ], [ -79.465614660426851, 43.773883002607811 ], [ -79.465184148956027, 43.773171592129877 ], [ -79.46650564129952, 43.772726402758927 ], [ -79.465770246801512, 43.771951886629132 ], [ -79.464173941095211, 43.771721500596975 ], [ -79.46040484860562, 43.772143796056135 ], [ -79.458023051222497, 43.771298556133395 ], [ -79.456334057825089, 43.77209010288265 ], [ -79.456030836318988, 43.771144845721295 ], [ -79.45550118819645, 43.770623248854875 ], [ -79.455309908914217, 43.769318963823459 ], [ -79.452644859413951, 43.76958355225527 ], [ -79.452048987098536, 43.768822247509661 ], [ -79.450523008864366, 43.769459508492922 ], [ -79.450188964666538, 43.768544302185468 ], [ -79.448104200274983, 43.767953254436144 ], [ -79.447176006671754, 43.767513559902547 ], [ -79.446921454976064, 43.766916447720426 ], [ -79.44583800890868, 43.766732108898587 ], [ -79.445906991733338, 43.765990097896143 ], [ -79.445312212476765, 43.764431595650592 ], [ -79.443829145799555, 43.763580091674108 ], [ -79.442046560527444, 43.761339187981143 ], [ -79.438914259329337, 43.76146074182676 ], [ -79.437636490336857, 43.760359402322315 ], [ -79.438168690740213, 43.759693790080583 ], [ -79.437993954921978, 43.759197142386341 ], [ -79.435309544864467, 43.758954851160297 ], [ -79.434623581277023, 43.75825825297018 ], [ -79.433757056980483, 43.758051341938291 ], [ -79.433767333907184, 43.757555598687034 ], [ -79.433326640187019, 43.757262541788492 ], [ -79.430190191064412, 43.757474241014179 ], [ -79.428551344046483, 43.755445803702735 ], [ -79.428216760517145, 43.754283195176242 ], [ -79.423835332387711, 43.751673060475191 ], [ -79.42242625276026, 43.749672558770627 ], [ -79.420456467328677, 43.749315848873003 ], [ -79.417646401835739, 43.749804758156635 ], [ -79.416152683771685, 43.750650747841256 ], [ -79.415894950075767, 43.751488745080245 ], [ -79.415334268340587, 43.751993891184469 ], [ -79.414074693226482, 43.751542239151959 ], [ -79.411401427334056, 43.751676183397514 ], [ -79.414741997685155, 43.749463297010337 ], [ -79.418813113053091, 43.745323903042646 ], [ -79.426657299379087, 43.740300106943316 ], [ -79.439986880192819, 43.732478408902324 ], [ -79.44344338422674, 43.731171299015358 ], [ -79.457878309804556, 43.728061608615754 ], [ -79.458907813294786, 43.732085709749356 ], [ -79.45184037675746, 43.73359470560051 ], [ -79.452894594681254, 43.733944128393958 ], [ -79.456340307419254, 43.737818739174841 ], [ -79.455615553454592, 43.739982299613416 ], [ -79.457468423513475, 43.74048500853096 ], [ -79.45825475844066, 43.742367587252282 ], [ -79.452793498866924, 43.743519295192002 ], [ -79.454892301784938, 43.748698690869645 ], [ -79.458214399764401, 43.747987207555994 ], [ -79.459501817027615, 43.751076899962094 ], [ -79.462758989226586, 43.750443391490556 ], [ -79.470154792804053, 43.782397886347084 ], [ -79.470079109617515, 43.787275797614157 ], [ -79.466847998177442, 43.787914878327491 ] ] ] } },
{ "type": "Feature", "properties": { "fsa": "M3J" }, "geometry": { "type": "Polygon", "coordinates": [ [ [ -79.470154792804053, 43.782397886347084 ], [ -79.462758989226586, 43.750443391490556 ], [ -79.464106897355663, 43.750191510824351 ], [ -79.465343994166147, 43.750388201817387 ], [ -79.469648315253934, 43.754020398104963 ], [ -79.473078601053615, 43.755407792948631 ], [ -79.474926992810254, 43.755504494599933 ], [ -79.478821789559547, 43.754746093040865 ], [ -79.481689505055485, 43.753829893487676 ], [ -79.482785810311768, 43.752718913126806 ], [ -79.482627382199198, 43.747206502510139 ], [ -79.483230308966654, 43.745953995268941 ], [ -79.484852204929183, 43.745174201791187 ], [ -79.488835459291934, 43.744297432912319 ], [ -79.489554901741684, 43.746800101288883 ], [ -79.492082909041841, 43.747006097851767 ], [ -79.492574517817971, 43.746977391125512 ], [ -79.492506107561368, 43.745901501999462 ], [ -79.493021965336581, 43.745368485034319 ], [ -79.497918041031156, 43.7441748981148 ], [ -79.49796064531877, 43.746005686352738 ], [ -79.501750047114612, 43.747083689208587 ], [ -79.502258249494119, 43.747767290334892 ], [ -79.503509654158265, 43.748199701006342 ], [ -79.505639562962742, 43.749684894858653 ], [ -79.507383639487614, 43.749999999454054 ], [ -79.50743283460541, 43.750914195455003 ], [ -79.509643555953843, 43.751243203110533 ], [ -79.510061540930096, 43.752598605868506 ], [ -79.509361563226093, 43.753092997086526 ], [ -79.509739764262605, 43.753728002310467 ], [ -79.507927153292556, 43.754040810125062 ], [ -79.507394140667756, 43.755552387414859 ], [ -79.506193158970106, 43.756310803443476 ], [ -79.506715250392716, 43.75668160649542 ], [ -79.506129136337222, 43.75678269512008 ], [ -79.506185533340087, 43.757123705009029 ], [ -79.505007143724029, 43.757285284833841 ], [ -79.504177434963623, 43.75801728892111 ], [ -79.504440763435042, 43.758177190361067 ], [ -79.504209859781739, 43.758475397817001 ], [ -79.504713031326645, 43.758565107463468 ], [ -79.504371764826601, 43.759177596265985 ], [ -79.504908849834734, 43.760481590145716 ], [ -79.505898159617928, 43.760487405660385 ], [ -79.506072061265712, 43.760879389026805 ], [ -79.506730936749378, 43.760647391184513 ], [ -79.507291043475945, 43.760832203681836 ], [ -79.507426258026641, 43.761362811543549 ], [ -79.508722540217647, 43.762236593555357 ], [ -79.508709858011997, 43.762536903787193 ], [ -79.508123349532525, 43.762735485613405 ], [ -79.508448947696323, 43.762771704882496 ], [ -79.508400654931108, 43.763168685575103 ], [ -79.507373962814199, 43.763238686711524 ], [ -79.507216062696983, 43.764671193434374 ], [ -79.508995747889045, 43.765801691625747 ], [ -79.509357050016234, 43.766874109835626 ], [ -79.509883137708528, 43.766753792957097 ], [ -79.509866049884749, 43.767167699372457 ], [ -79.510350642142939, 43.767121499896447 ], [ -79.510110632486004, 43.767571805317822 ], [ -79.510510644035733, 43.767496594925703 ], [ -79.51097665928144, 43.767902107386078 ], [ -79.511385441199522, 43.768410194116683 ], [ -79.511243046374815, 43.768796508549798 ], [ -79.512328442099999, 43.769346384976807 ], [ -79.512224458991426, 43.769791792258232 ], [ -79.513922457400994, 43.770147404672812 ], [ -79.514847843477497, 43.769429301958752 ], [ -79.515340242276935, 43.770046602732094 ], [ -79.516031165614322, 43.77001520391493 ], [ -79.516873538526482, 43.770892188803558 ], [ -79.516689850178707, 43.771022504203287 ], [ -79.51707303839909, 43.771923796662556 ], [ -79.518465144781487, 43.772571489977246 ], [ -79.51814314562877, 43.772792098572481 ], [ -79.51862263232529, 43.772849504215365 ], [ -79.518527242166812, 43.773183102147293 ], [ -79.518877858780627, 43.773088698757483 ], [ -79.518610740093678, 43.774093899950095 ], [ -79.518970960858198, 43.773939900128113 ], [ -79.520429442612112, 43.774440393006479 ], [ -79.521721802658561, 43.775388206857997 ], [ -79.470079109617515, 43.787275797614157 ], [ -79.470154792804053, 43.782397886347084 ] ] ] } },
{ "type": "Feature", "properties": { "fsa": "M3K" }, "geometry": { "type": "Polygon", "coordinates": [ [ [ -79.469648315253934, 43.754020398104963 ], [ -79.465343994166147, 43.750388201817387 ], [ -79.464106897355663, 43.750191510824351 ], [ -79.459501817027615, 43.751076899962094 ], [ -79.458214399764401, 43.747987207555994 ], [ -79.454892301784938, 43.748698690869645 ], [ -79.452793498866924, 43.743519295192002 ], [ -79.45825475844066, 43.742367587252282 ], [ -79.457468423513475, 43.74048500853096 ], [ -79.455615553454592, 43.739982299613416 ], [ -79.456340307419254, 43.737818739174841 ], [ -79.452894594681254, 43.733944128393958 ], [ -79.45184037675746, 43.73359470560051 ], [ -79.458907813294786, 43.732085709749356 ], [ -79.457878309804556, 43.728061608615754 ], [ -79.472534262186258, 43.724868627280927 ], [ -79.473388994089262, 43.729146831692368 ], [ -79.477744797573848, 43.728152611325349 ], [ -79.478232599098789, 43.729482706673522 ], [ -79.479567500235945, 43.729230312559224 ], [ -79.479691999522018, 43.72970920316137 ], [ -79.48263511055633, 43.729054012267341 ], [ -79.48644160822883, 43.744770306005528 ], [ -79.483750517324225, 43.745519699325499 ], [ -79.482883485472954, 43.7464085961834 ], [ -79.482623385538716, 43.747854800957256 ], [ -79.482893418576523, 43.752396192266048 ], [ -79.481689505055485, 43.753829893487676 ], [ -79.480283990198217, 43.754396405840538 ], [ -79.474702789679952, 43.755528604899304 ], [ -79.473078601053615, 43.755407792948631 ], [ -79.469648315253934, 43.754020398104963 ] ] ] } },
{ "type": "Feature", "properties": { "fsa": "M3L" }, "geometry": { "type": "Polygon", "coordinates": [ [ [ -79.503509654158265, 43.748199701006342 ], [ -79.502258249494119, 43.747767290334892 ], [ -79.501750047114612, 43.747083689208587 ], [ -79.49796064531877, 43.746005686352738 ], [ -79.497669962409688, 43.743818710719772 ], [ -79.497986247744024, 43.74362249713856 ], [ -79.497426444806649, 43.743613303148457 ], [ -79.497190550029302, 43.74323699017053 ], [ -79.497387345348486, 43.742852902154738 ], [ -79.496835055029976, 43.742154091596447 ], [ -79.497137544825364, 43.741513005441647 ], [ -79.496097660826493, 43.7409123041719 ], [ -79.496031134597573, 43.740390592430401 ], [ -79.49538504210939, 43.739902698192061 ], [ -79.49548714083187, 43.739653891576857 ], [ -79.494392859374202, 43.73911208920191 ], [ -79.494061351991888, 43.73781379831771 ], [ -79.494607556244006, 43.737536087238794 ], [ -79.494334044464878, 43.736785892196757 ], [ -79.494618633327704, 43.736179396160615 ], [ -79.495451660986134, 43.735733110292848 ], [ -79.495022354927229, 43.735340103875608 ], [ -79.49626964048899, 43.734881405529869 ], [ -79.497339037865984, 43.734711205738243 ], [ -79.497771243066609, 43.735001286994226 ], [ -79.498218451935898, 43.734525487198241 ], [ -79.498803538102621, 43.734891488084294 ], [ -79.500519854136726, 43.734080401242977 ], [ -79.501781438787432, 43.734991789619563 ], [ -79.50236444423021, 43.734975584410904 ], [ -79.502675838850621, 43.734417890541891 ], [ -79.503374957145141, 43.734609104443003 ], [ -79.50340824003257, 43.734288194663854 ], [ -79.504044767097582, 43.73476159419257 ], [ -79.504415235690274, 43.734392887383578 ], [ -79.505936337311013, 43.734881492014935 ], [ -79.511534767030412, 43.732881089221472 ], [ -79.507819883663302, 43.717748606828131 ], [ -79.524701691746074, 43.71590369739981 ], [ -79.529637657034925, 43.714900943183835 ], [ -79.528554283132877, 43.718616777256244 ], [ -79.528499086395811, 43.720182680137128 ], [ -79.532209383618635, 43.735010325740248 ], [ -79.5132102128469, 43.739382111247259 ], [ -79.514566606793181, 43.74488000138399 ], [ -79.512830193552574, 43.745289598015745 ], [ -79.511159218767176, 43.746564291200741 ], [ -79.50772449601817, 43.747367694051235 ], [ -79.507561012447368, 43.747592399226683 ], [ -79.508045712005782, 43.748070810952207 ], [ -79.506146599286311, 43.748857893408037 ], [ -79.5047777230577, 43.749136343712713 ], [ -79.503509654158265, 43.748199701006342 ] ] ] } },
{ "type": "Feature", "properties": { "fsa": "M3M" }, "geometry": { "type": "Polygon", "coordinates": [ [ [ -79.489554901741684, 43.746800101288883 ], [ -79.488835459291934, 43.744297432912319 ], [ -79.48644160822883, 43.744770306005528 ], [ -79.48263511055633, 43.729054012267341 ], [ -79.479691999522018, 43.72970920316137 ], [ -79.479567500235945, 43.729230312559224 ], [ -79.478232599098789, 43.729482706673522 ], [ -79.477744797573848, 43.728152611325349 ], [ -79.473388994089262, 43.729146831692368 ], [ -79.472534262186258, 43.724868627280927 ], [ -79.490967505152554, 43.720366990558958 ], [ -79.501962183083094, 43.71842220184044 ], [ -79.507819883663302, 43.717748606828131 ], [ -79.511534767030412, 43.732881089221472 ], [ -79.505936337311013, 43.734881492014935 ], [ -79.504415235690274, 43.734392887383578 ], [ -79.504044767097582, 43.73476159419257 ], [ -79.50340824003257, 43.734288194663854 ], [ -79.503374957145141, 43.734609104443003 ], [ -79.502675838850621, 43.734417890541891 ], [ -79.50236444423021, 43.734975584410904 ], [ -79.501781438787432, 43.734991789619563 ], [ -79.500432463658967, 43.734082900245497 ], [ -79.498803538102621, 43.734891488084294 ], [ -79.498218451935898, 43.734525487198241 ], [ -79.497771243066609, 43.735001286994226 ], [ -79.497339037865984, 43.734711205738243 ], [ -79.495022354927229, 43.735340103875608 ], [ -79.495451660986134, 43.735733110292848 ], [ -79.494618633327704, 43.736179396160615 ], [ -79.494334044464878, 43.736785892196757 ], [ -79.494621464150114, 43.737483210189879 ], [ -79.494061351991888, 43.73781379831771 ], [ -79.494299349216817, 43.73802298446995 ], [ -79.494092038442659, 43.738453404369693 ], [ -79.494392859374202, 43.73911208920191 ], [ -79.49548714083187, 43.739653891576857 ], [ -79.49538504210939, 43.739902698192061 ], [ -79.496031134597573, 43.740390592430401 ], [ -79.496148444812135, 43.740968302160418 ], [ -79.497001743269522, 43.741261585868351 ], [ -79.497161458055615, 43.741619697104632 ], [ -79.496835055029976, 43.742154091596447 ], [ -79.497387345348486, 43.742852902154738 ], [ -79.497382560052756, 43.743565689889543 ], [ -79.497975139059847, 43.74358760306572 ], [ -79.497669962409688, 43.743818710719772 ], [ -79.497918041031156, 43.7441748981148 ], [ -79.493021965336581, 43.745368485034319 ], [ -79.492506107561368, 43.745901501999462 ], [ -79.492574517817971, 43.746977391125512 ], [ -79.489554901741684, 43.746800101288883 ] ] ] } },
{ "type": "Feature", "properties": { "fsa": "M3N" }, "geometry": { "type": "Polygon", "coordinates": [ [ [ -79.520308759610913, 43.774399288485974 ], [ -79.518970960858198, 43.773939900128113 ], [ -79.518610740093678, 43.774093899950095 ], [ -79.518877858780627, 43.773088698757483 ], [ -79.518527242166812, 43.773183102147293 ], [ -79.51862263232529, 43.772849504215365 ], [ -79.51814314562877, 43.772792098572481 ], [ -79.518465144781487, 43.772571489977246 ], [ -79.51707303839909, 43.771923796662556 ], [ -79.516702353592876, 43.770589586137902 ], [ -79.516031165614322, 43.77001520391493 ], [ -79.515340242276935, 43.770046602732094 ], [ -79.515125259691587, 43.769498590534674 ], [ -79.514742845932034, 43.769467285992469 ], [ -79.513922457400994, 43.770147404672812 ], [ -79.512224458991426, 43.769791792258232 ], [ -79.512328442099999, 43.769346384976807 ], [ -79.511243046374815, 43.768796508549798 ], [ -79.511385441199522, 43.768410194116683 ], [ -79.51097665928144, 43.767902107386078 ], [ -79.510510644035733, 43.767496594925703 ], [ -79.510110632486004, 43.767571805317822 ], [ -79.510350642142939, 43.767121499896447 ], [ -79.509866049884749, 43.767167699372457 ], [ -79.509883137708528, 43.766753792957097 ], [ -79.509357050016234, 43.766874109835626 ], [ -79.508995747889045, 43.765801691625747 ], [ -79.507216062696983, 43.764671193434374 ], [ -79.507373962814199, 43.763238686711524 ], [ -79.508400654931108, 43.763168685575103 ], [ -79.508448947696323, 43.762771704882496 ], [ -79.508123349532525, 43.762735485613405 ], [ -79.508709858011997, 43.762536903787193 ], [ -79.508722540217647, 43.762236593555357 ], [ -79.507426258026641, 43.761362811543549 ], [ -79.507291043475945, 43.760832203681836 ], [ -79.506730936749378, 43.760647391184513 ], [ -79.506072061265712, 43.760879389026805 ], [ -79.505898159617928, 43.760487405660385 ], [ -79.504986760708377, 43.76060210801792 ], [ -79.504371764826601, 43.759177596265985 ], [ -79.504713031326645, 43.758565107463468 ], [ -79.504209859781739, 43.758475397817001 ], [ -79.504440763435042, 43.758177190361067 ], [ -79.504177434963623, 43.75801728892111 ], [ -79.505007143724029, 43.757285284833841 ], [ -79.506185533340087, 43.757123705009029 ], [ -79.506129136337222, 43.75678269512008 ], [ -79.506715250392716, 43.75668160649542 ], [ -79.506193158970106, 43.756310803443476 ], [ -79.507394140667756, 43.755552387414859 ], [ -79.507881941601667, 43.754080496515925 ], [ -79.509689861835369, 43.753781203905696 ], [ -79.509361563226093, 43.753092997086526 ], [ -79.510057868435041, 43.752557093359485 ], [ -79.509572246365877, 43.751179191821393 ], [ -79.50743283460541, 43.750914195455003 ], [ -79.507383639487614, 43.749999999454054 ], [ -79.506423068695995, 43.749637589326539 ], [ -79.50573755689885, 43.749730597115786 ], [ -79.5047777230577, 43.749136343712713 ], [ -79.508045712005782, 43.748070810952207 ], [ -79.507561012447368, 43.747592399226683 ], [ -79.50772449601817, 43.747367694051235 ], [ -79.511159218767176, 43.746564291200741 ], [ -79.512830193552574, 43.745289598015745 ], [ -79.514566606793181, 43.74488000138399 ], [ -79.5132102128469, 43.739382111247259 ], [ -79.5262405129114, 43.73629740097342 ], [ -79.534823418221791, 43.772694251988518 ], [ -79.521705902336066, 43.775532012441886 ], [ -79.520308759610913, 43.774399288485974 ] ] ] } },
{ "type": "Feature", "properties": { "fsa": "M4A" }, "geometry": { "type": "Polygon", "coordinates": [ [ [ -79.312763116358369, 43.739796291791798 ], [ -79.313180213698303, 43.739275509826726 ], [ -79.310395893586119, 43.739810595724933 ], [ -79.30976630999686, 43.738351693108235 ], [ -79.308450116735898, 43.738791398294545 ], [ -79.30763639725123, 43.736816601788803 ], [ -79.312385901313121, 43.735725308252029 ], [ -79.310344288517172, 43.73237279599806 ], [ -79.30813551114278, 43.732763304693407 ], [ -79.307284983908161, 43.732102405783273 ], [ -79.305881894501113, 43.732540804027892 ], [ -79.299150210997567, 43.716369096156647 ], [ -79.305354986121714, 43.715053692921856 ], [ -79.304797505261988, 43.716840206247433 ], [ -79.311102613601918, 43.715465228984733 ], [ -79.311977242642385, 43.717260705047657 ], [ -79.320066086691682, 43.715528064580283 ], [ -79.320196209880308, 43.71591869282895 ], [ -79.321138046737758, 43.715931401617148 ], [ -79.323531981079853, 43.716730669374286 ], [ -79.323896262534532, 43.718444657273707 ], [ -79.322509863755926, 43.719327909029232 ], [ -79.322620934866009, 43.719857414351473 ], [ -79.324148741839736, 43.720667439577142 ], [ -79.325724295999024, 43.720347017711589 ], [ -79.326611976488863, 43.720551125787487 ], [ -79.326810676739044, 43.721259004674664 ], [ -79.323387903200882, 43.722168094837841 ], [ -79.32330454058939, 43.723301768480383 ], [ -79.322292802820584, 43.725379250836887 ], [ -79.323184360134192, 43.726302383400551 ], [ -79.323144147102894, 43.727181355190034 ], [ -79.320479250068175, 43.728002524853125 ], [ -79.318629195063139, 43.729085487743866 ], [ -79.32037663179473, 43.729690404902563 ], [ -79.320112671737718, 43.730572551027763 ], [ -79.319600200989115, 43.730923071447847 ], [ -79.319929278769678, 43.73160835884191 ], [ -79.322852285966562, 43.729519492502106 ], [ -79.32517847632144, 43.729502879470921 ], [ -79.324591877641851, 43.731066186031086 ], [ -79.32487109574933, 43.731783462403833 ], [ -79.326045903757304, 43.732158474931538 ], [ -79.326899668754351, 43.732896131342024 ], [ -79.327403167109665, 43.732895157431493 ], [ -79.328125561088413, 43.734208636489839 ], [ -79.32944185592828, 43.733936427536989 ], [ -79.331194096072863, 43.735026204226131 ], [ -79.330695379666224, 43.736358705693497 ], [ -79.331551035538524, 43.737141075654549 ], [ -79.330184252226061, 43.738487850247829 ], [ -79.330128116222397, 43.739077004069387 ], [ -79.330533863070258, 43.739785105051205 ], [ -79.324154913749581, 43.740841398358249 ], [ -79.314228396457437, 43.741491897738698 ], [ -79.312988672259735, 43.741098173899253 ], [ -79.312763116358369, 43.739796291791798 ] ] ] } },
{ "type": "Feature", "properties": { "fsa": "M4B" }, "geometry": { "type": "Polygon", "coordinates": [ [ [ -79.299150210997567, 43.716369096156647 ], [ -79.295275981738371, 43.707217507138047 ], [ -79.294264688166905, 43.707427486750113 ], [ -79.292658593443335, 43.703667002952663 ], [ -79.293657489706931, 43.70345679207054 ], [ -79.290943880627424, 43.697646005083122 ], [ -79.293666897264373, 43.698052705869856 ], [ -79.295702703855639, 43.697338313178292 ], [ -79.297081295866732, 43.697401242053843 ], [ -79.29736088313085, 43.69509974915956 ], [ -79.300539685347772, 43.695600298029966 ], [ -79.314413992582573, 43.700273901209556 ], [ -79.327041598481813, 43.701280790473945 ], [ -79.32673675133853, 43.701616183405818 ], [ -79.327347347766533, 43.701399212001832 ], [ -79.331557680717182, 43.701662655894026 ], [ -79.332342136829297, 43.703212872779766 ], [ -79.330982910026762, 43.707688112066357 ], [ -79.329001973117897, 43.709660830395592 ], [ -79.319889344024929, 43.711668361441049 ], [ -79.319296552780216, 43.712699009815417 ], [ -79.319440363900341, 43.715675555208442 ], [ -79.311977242642385, 43.717260705047657 ], [ -79.311102613601918, 43.715465228984733 ], [ -79.304797505261988, 43.716840206247433 ], [ -79.305354986121714, 43.715053692921856 ], [ -79.299150210997567, 43.716369096156647 ] ] ] } },
{ "type": "Feature", "properties": { "fsa": "M4C" }, "geometry": { "type": "Polygon", "coordinates": [ [ [ -79.293666897264373, 43.698052705869856 ], [ -79.290943880627424, 43.697646005083122 ], [ -79.28751901663091, 43.689212535473473 ], [ -79.300872496178272, 43.686060702382974 ], [ -79.321420712383116, 43.678080927024062 ], [ -79.329582484826005, 43.698261210158428 ], [ -79.327236901222392, 43.7010724794917 ], [ -79.326755438601126, 43.701288673245571 ], [ -79.319293008567215, 43.700851570388174 ], [ -79.313822841462525, 43.700160049681202 ], [ -79.300539685347772, 43.695600298029966 ], [ -79.29736088313085, 43.69509974915956 ], [ -79.297081295866732, 43.697401242053843 ], [ -79.295702703855639, 43.697338313178292 ], [ -79.293666897264373, 43.698052705869856 ] ] ] } },
{ "type": "Feature", "properties": { "fsa": "M4E" }, "geometry": { "type": "MultiPolygon", "coordinates": [ [ [ [ -79.292199757113664, 43.667273397212085 ], [ -79.292832146033419, 43.667168699353681 ], [ -79.292164049585978, 43.667366491442174 ], [ -79.292199757113664, 43.667273397212085 ] ] ], [ [ [ -79.291224662387918, 43.667544189698077 ], [ -79.29179863749026, 43.667449083679877 ], [ -79.291137148114927, 43.667675308499859 ], [ -79.291224662387918, 43.667544189698077 ] ] ], [ [ [ -79.290203730782039, 43.667875300402599 ], [ -79.290662063238727, 43.667727299928593 ], [ -79.290183142118295, 43.667919093807861 ], [ -79.290203730782039, 43.667875300402599 ] ] ], [ [ [ -79.288086941402625, 43.668497299000137 ], [ -79.288562444001997, 43.668376107715169 ], [ -79.288058261214701, 43.668546497009608 ], [ -79.288086941402625, 43.668497299000137 ] ] ], [ [ [ -79.28565645721541, 43.668975485360974 ], [ -79.285854140535619, 43.669008802643226 ], [ -79.285512433765675, 43.669081197202274 ], [ -79.28565645721541, 43.668975485360974 ] ] ], [ [ [ -79.28751901663091, 43.689212535473473 ], [ -79.27982251665847, 43.671071117388237 ], [ -79.280100660337368, 43.67120620325786 ], [ -79.280289662817054, 43.670816008835075 ], [ -79.280250140482806, 43.671085284251312 ], [ -79.280872761254642, 43.671089386691285 ], [ -79.281425943773513, 43.670323094649667 ], [ -79.281358161319972, 43.670714001542656 ], [ -79.282306337928745, 43.670662083542226 ], [ -79.282727245420077, 43.670273595739729 ], [ -79.282571535408053, 43.670093898178472 ], [ -79.283133831809593, 43.669839205498079 ], [ -79.282956766460188, 43.670169289301342 ], [ -79.283277638401827, 43.670263997001634 ], [ -79.284015545899322, 43.670200494827363 ], [ -79.283967557113542, 43.669964407777854 ], [ -79.284339048247361, 43.67012699212993 ], [ -79.284955049528079, 43.669757996025766 ], [ -79.284893537221549, 43.669495101807613 ], [ -79.28529796078422, 43.669883791246335 ], [ -79.287276362872163, 43.668638893082012 ], [ -79.287004158723207, 43.668863508807732 ], [ -79.287200633959117, 43.669082289425013 ], [ -79.288084236986165, 43.669132194531294 ], [ -79.289308838703349, 43.66846228304 ], [ -79.289373535014988, 43.668222899955538 ], [ -79.289097749818353, 43.668215902395794 ], [ -79.289345635532413, 43.668000601814491 ], [ -79.289605055512041, 43.668010007570601 ], [ -79.289644762503841, 43.668519691953499 ], [ -79.290323135017545, 43.668446997532769 ], [ -79.292752257240465, 43.667346101240454 ], [ -79.293540854123307, 43.667284495230795 ], [ -79.294453248292442, 43.66659769690488 ], [ -79.294629862893942, 43.666064290167412 ], [ -79.295132258559079, 43.666362296903138 ], [ -79.295320552654914, 43.666166185650397 ], [ -79.295054051029183, 43.665986597276444 ], [ -79.296885835437152, 43.665328291365483 ], [ -79.298030161724753, 43.665217487936545 ], [ -79.299563350836706, 43.665607505422933 ], [ -79.302059508528473, 43.664757411311143 ], [ -79.302641255938639, 43.664840987284776 ], [ -79.30387885764037, 43.664198429617628 ], [ -79.304775578161099, 43.665640744533171 ], [ -79.299581084201193, 43.666881494641174 ], [ -79.300849685048576, 43.669835696143544 ], [ -79.298004003603012, 43.670459605118758 ], [ -79.300521817873175, 43.676619692372569 ], [ -79.301174094935064, 43.678123990733546 ], [ -79.30487879023427, 43.676522290776035 ], [ -79.307916886478438, 43.67392020697384 ], [ -79.311270698954885, 43.682078351457342 ], [ -79.30031252661847, 43.686241483166597 ], [ -79.28751901663091, 43.689212535473473 ] ] ] ] } },
{ "type": "Feature", "properties": { "fsa": "M4G" }, "geometry": { "type": "MultiPolygon", "coordinates": [ [ [ [ -79.371725700745415, 43.696744305804827 ], [ -79.37079229746071, 43.694264200479481 ], [ -79.373787113680507, 43.693649510332961 ], [ -79.374427808215017, 43.694279901900664 ], [ -79.377229644430344, 43.693722788003264 ], [ -79.380319747961536, 43.694249186607088 ], [ -79.380786709691478, 43.69470015464664 ], [ -79.371725700745415, 43.696744305804827 ] ] ], [ [ [ -79.371725700745415, 43.696744305804827 ], [ -79.376941903124703, 43.710296902968551 ], [ -79.377610409896008, 43.713845404386745 ], [ -79.386171817719529, 43.712129892964121 ], [ -79.386381443170166, 43.713672714821321 ], [ -79.388431881088536, 43.719040707344618 ], [ -79.378927397130752, 43.720969988711666 ], [ -79.379780493516989, 43.725007888375643 ], [ -79.381852212946001, 43.727363901327202 ], [ -79.381887897974536, 43.728038698619585 ], [ -79.381436301707552, 43.730261794482452 ], [ -79.379970869918452, 43.728943735205327 ], [ -79.379239890137214, 43.728675334816039 ], [ -79.378950068149635, 43.72958190503671 ], [ -79.377536525493227, 43.728953287534196 ], [ -79.375889743465365, 43.730365872204132 ], [ -79.375549936371698, 43.730330295894241 ], [ -79.373734612701668, 43.728617790878026 ], [ -79.374319967593038, 43.727781169840682 ], [ -79.37336224825161, 43.72680072753937 ], [ -79.37202794920934, 43.726930989100275 ], [ -79.372557406615798, 43.727446731350803 ], [ -79.372331327845643, 43.72782685980593 ], [ -79.370888782136518, 43.727345007087024 ], [ -79.370916736675866, 43.726797148948386 ], [ -79.370580064172628, 43.726635335737974 ], [ -79.369295142324759, 43.726602632713288 ], [ -79.368295180970563, 43.727362268161926 ], [ -79.367535549239264, 43.726800714863472 ], [ -79.367302213358087, 43.727243530720152 ], [ -79.36687394377806, 43.727294205981231 ], [ -79.365821273596836, 43.726104468069096 ], [ -79.365534782641276, 43.725122236497789 ], [ -79.364674373222385, 43.724405528665869 ], [ -79.365029394615192, 43.723369986420813 ], [ -79.364741952442031, 43.722095543723164 ], [ -79.365601913065689, 43.720789483478036 ], [ -79.365324687210133, 43.720400417960313 ], [ -79.363899405665734, 43.720873952485363 ], [ -79.363066409764116, 43.720066662708739 ], [ -79.36229327205578, 43.720149391982233 ], [ -79.36159355243484, 43.71979478054115 ], [ -79.353668320919311, 43.721060177421194 ], [ -79.353164356635602, 43.716542694598914 ], [ -79.352534364553136, 43.71625016990324 ], [ -79.352285358809851, 43.715733957543897 ], [ -79.350148594791548, 43.715793175750804 ], [ -79.348650989721023, 43.716334132769383 ], [ -79.347076107462058, 43.71611765605109 ], [ -79.346767663876463, 43.715147970646932 ], [ -79.344867641768033, 43.715214588251129 ], [ -79.344567852312053, 43.714625664418598 ], [ -79.343515202259013, 43.714157542115181 ], [ -79.342854623651732, 43.713371685744875 ], [ -79.341291342169043, 43.712713783699698 ], [ -79.339961208381524, 43.713068300562462 ], [ -79.339509108856603, 43.712774446425783 ], [ -79.340340720413423, 43.711763180310328 ], [ -79.340043789313555, 43.711002551404555 ], [ -79.342626200753713, 43.710350149328377 ], [ -79.345222305822773, 43.710115132615442 ], [ -79.344396910408946, 43.709191311258259 ], [ -79.343660390440078, 43.707541886724769 ], [ -79.348474098331849, 43.706260993838242 ], [ -79.35174449502577, 43.703319006596764 ], [ -79.352830215394562, 43.701911393474788 ], [ -79.357320590222471, 43.701823598496169 ], [ -79.358877188367785, 43.702076323276543 ], [ -79.366829329683128, 43.69445400830967 ], [ -79.36976069297171, 43.696158296905836 ], [ -79.37012159806082, 43.697036803555307 ], [ -79.371725700745415, 43.696744305804827 ] ] ] ] } },
{ "type": "Feature", "properties": { "fsa": "M4H" }, "geometry": { "type": "Polygon", "coordinates": [ [ [ -79.339894834773872, 43.710888180779136 ], [ -79.339356114186955, 43.710605503804082 ], [ -79.339479839613389, 43.710199100232749 ], [ -79.338200645943971, 43.709506213127106 ], [ -79.337762532407794, 43.708060990561549 ], [ -79.338060721537744, 43.707422750003118 ], [ -79.337171772178479, 43.706790767202044 ], [ -79.33826807666523, 43.705491764536063 ], [ -79.335255823622703, 43.704168377811399 ], [ -79.335016930937982, 43.703737446053964 ], [ -79.335371391699624, 43.70317739241456 ], [ -79.336365991303893, 43.702921772779867 ], [ -79.339251229158776, 43.701219015392383 ], [ -79.341481703921218, 43.699428505768509 ], [ -79.344542603695928, 43.698288812859509 ], [ -79.347239085689111, 43.699094163618263 ], [ -79.34825520305445, 43.699920962270276 ], [ -79.349755672520061, 43.699961261998929 ], [ -79.350562459800173, 43.699420416162447 ], [ -79.351584503816795, 43.701099802671372 ], [ -79.352830215394562, 43.701911393474788 ], [ -79.35174449502577, 43.703319006596764 ], [ -79.348474098331849, 43.706260993838242 ], [ -79.343660390440078, 43.707541886724769 ], [ -79.344396910408946, 43.709191311258259 ], [ -79.345222305822773, 43.710115132615442 ], [ -79.339894834773872, 43.710888180779136 ] ] ] } },
{ "type": "Feature", "properties": { "fsa": "M4J" }, "geometry": { "type": "Polygon", "coordinates": [ [ [ -79.332178902555114, 43.70316016193248 ], [ -79.331557680717182, 43.701662655894026 ], [ -79.327347347766533, 43.701399212001832 ], [ -79.32673675133853, 43.701616183405818 ], [ -79.329582484826005, 43.698261210158428 ], [ -79.329541889461254, 43.697936386694344 ], [ -79.321420712383116, 43.678080927024062 ], [ -79.336741563760967, 43.671921271401978 ], [ -79.337065287262064, 43.672682388883722 ], [ -79.341681607494536, 43.671263812781625 ], [ -79.351026194328043, 43.695115091826672 ], [ -79.350927990009708, 43.695527892668203 ], [ -79.349264608169875, 43.697045203226843 ], [ -79.350562459800173, 43.699420416162447 ], [ -79.349755672520061, 43.699961261998929 ], [ -79.34825520305445, 43.699920962270276 ], [ -79.347446101186677, 43.699197660548805 ], [ -79.345916136211514, 43.69852869249376 ], [ -79.344210812826148, 43.698314781386202 ], [ -79.343067742691915, 43.699019738509392 ], [ -79.341481703921218, 43.699428505768509 ], [ -79.339251229158776, 43.701219015392383 ], [ -79.335988998547165, 43.703067862248119 ], [ -79.333887578400137, 43.702998237972942 ], [ -79.333037420580908, 43.703421727621077 ], [ -79.332178902555114, 43.70316016193248 ] ] ] } },
{ "type": "Feature", "properties": { "fsa": "M4K" }, "geometry": { "type": "Polygon", "coordinates": [ [ [ -79.350562459800173, 43.699420416162447 ], [ -79.349316208568482, 43.69690160687675 ], [ -79.350927990009708, 43.695527892668203 ], [ -79.351026194328043, 43.695115091826672 ], [ -79.341681607494536, 43.671263812781625 ], [ -79.337065287262064, 43.672682388883722 ], [ -79.336741563760967, 43.671921271401978 ], [ -79.339894735408691, 43.669892691481813 ], [ -79.342242266317754, 43.667756511345218 ], [ -79.347017595165028, 43.666668110922387 ], [ -79.347356416564125, 43.667429391253073 ], [ -79.349977204656369, 43.66684599922349 ], [ -79.35289789748191, 43.666154000968646 ], [ -79.352606794157239, 43.665479290567582 ], [ -79.356285021098657, 43.664525434539819 ], [ -79.357657304737373, 43.668915539529586 ], [ -79.359493730879819, 43.670222157316516 ], [ -79.360711180054508, 43.672185691299141 ], [ -79.362918252025722, 43.673246939873664 ], [ -79.362998199998344, 43.674922083963388 ], [ -79.364949348628471, 43.676795177706047 ], [ -79.363623785809651, 43.677837976337841 ], [ -79.363674606135234, 43.678795269227351 ], [ -79.365823570001695, 43.680474898281801 ], [ -79.366418863858513, 43.681311921563449 ], [ -79.364855346702058, 43.682651770613468 ], [ -79.363223330584489, 43.68328031435189 ], [ -79.361663036497106, 43.685105957509634 ], [ -79.361607267095678, 43.685647004746272 ], [ -79.362604376449028, 43.688115103091803 ], [ -79.361283530722545, 43.689281030953396 ], [ -79.359838302622578, 43.69186026454696 ], [ -79.361320756684734, 43.692879005504317 ], [ -79.361826206938545, 43.694094355992306 ], [ -79.359840132733297, 43.695392701698189 ], [ -79.358902139259257, 43.695590140222059 ], [ -79.357720636080117, 43.695254901614476 ], [ -79.356722334699199, 43.695544286379594 ], [ -79.355934822683693, 43.697272691761938 ], [ -79.354585692723063, 43.698272063579566 ], [ -79.353855172226105, 43.698174499923219 ], [ -79.352714037483921, 43.698652878442857 ], [ -79.35121753909489, 43.698753888020143 ], [ -79.350562459800173, 43.699420416162447 ] ] ] } },
{ "type": "Feature", "properties": { "fsa": "M4L" }, "geometry": { "type": "Polygon", "coordinates": [ [ [ -79.311270698954885, 43.682078351457342 ], [ -79.307916886478438, 43.67392020697384 ], [ -79.30487879023427, 43.676522290776035 ], [ -79.301174094935064, 43.678123990733546 ], [ -79.298004003603012, 43.670459605118758 ], [ -79.300849685048576, 43.669835696143544 ], [ -79.299606912075333, 43.666845913926885 ], [ -79.304391192103694, 43.665647491965501 ], [ -79.304775578161099, 43.665640744533171 ], [ -79.304832401864275, 43.665908351871188 ], [ -79.305642884046108, 43.664801608716182 ], [ -79.307515411103935, 43.663928989408305 ], [ -79.328423396135037, 43.659228694484227 ], [ -79.330207017861241, 43.66323639410858 ], [ -79.328983515784188, 43.663524600058082 ], [ -79.33053710192543, 43.66698680790897 ], [ -79.331710301338347, 43.666724790261945 ], [ -79.334054708225111, 43.672098291777417 ], [ -79.336600390208929, 43.671550098404438 ], [ -79.336741563760967, 43.671921271401978 ], [ -79.311270698954885, 43.682078351457342 ] ] ] } },
{ "type": "Feature", "properties": { "fsa": "M4M" }, "geometry": { "type": "MultiPolygon", "coordinates": [ [ [ [ -79.341874437362407, 43.619553695588259 ], [ -79.342108849952282, 43.619486503158384 ], [ -79.342204741580773, 43.619586796471104 ], [ -79.341874437362407, 43.619553695588259 ] ] ], [ [ [ -79.333525832906858, 43.626308499480238 ], [ -79.332718961879308, 43.626135396064157 ], [ -79.333617766068983, 43.62606989901797 ], [ -79.333525832906858, 43.626308499480238 ] ] ], [ [ [ -79.335269766186784, 43.62680529751912 ], [ -79.334822161065773, 43.626646110615667 ], [ -79.335300653981818, 43.626690709544292 ], [ -79.335269766186784, 43.62680529751912 ] ] ], [ [ [ -79.339792637508552, 43.62925388565975 ], [ -79.338404661162443, 43.628963594093278 ], [ -79.337417144738168, 43.62903449024877 ], [ -79.337363245704211, 43.628047185535536 ], [ -79.33691205062955, 43.627550694640114 ], [ -79.334952234823291, 43.627367800634858 ], [ -79.335766045702755, 43.626239298186896 ], [ -79.334884934076669, 43.625230591101278 ], [ -79.334227436748563, 43.625209182840273 ], [ -79.334354749726856, 43.626006784393084 ], [ -79.333618734471997, 43.625734497299142 ], [ -79.332116333588459, 43.626206002652808 ], [ -79.331313735946509, 43.625807607091609 ], [ -79.331930139566538, 43.625541984537286 ], [ -79.332987443352891, 43.62403200726478 ], [ -79.33330933608751, 43.623079984416776 ], [ -79.333143957462667, 43.62235970931458 ], [ -79.329807218235345, 43.622403023963578 ], [ -79.331756086633376, 43.620384451217213 ], [ -79.333827537105051, 43.620198500573252 ], [ -79.334715068630075, 43.619799889748798 ], [ -79.335015240726491, 43.619298486693417 ], [ -79.336174640172388, 43.619386304320749 ], [ -79.337445644661287, 43.618891985586224 ], [ -79.340486653410494, 43.616230202818024 ], [ -79.340981566731529, 43.615481591514026 ], [ -79.340855742065173, 43.615118005805165 ], [ -79.342119443329992, 43.614723784600898 ], [ -79.342864961170008, 43.612815997859464 ], [ -79.343635268916202, 43.612754190291241 ], [ -79.344144056758097, 43.613244095207833 ], [ -79.343712547872371, 43.615664306962806 ], [ -79.343875442722762, 43.616735084322514 ], [ -79.344832164502535, 43.618175805117723 ], [ -79.343651557785762, 43.619256492175403 ], [ -79.343266661725707, 43.620255994798377 ], [ -79.343739848011609, 43.621072996143681 ], [ -79.345110052166135, 43.621709685448117 ], [ -79.344082962363757, 43.622334795728229 ], [ -79.343157664645091, 43.622067292787065 ], [ -79.342797464195968, 43.619943992385934 ], [ -79.342300735223603, 43.619626793806823 ], [ -79.342748152347838, 43.619622596084177 ], [ -79.342005951695683, 43.619396585683013 ], [ -79.340199733728298, 43.620110003122583 ], [ -79.339661440611678, 43.621013903848706 ], [ -79.341124060214767, 43.621983587769414 ], [ -79.341171535346973, 43.622443292109772 ], [ -79.342811939623346, 43.622817393144452 ], [ -79.343228051989399, 43.623392004285179 ], [ -79.34215274335078, 43.623388901587816 ], [ -79.341420963082413, 43.62443341079112 ], [ -79.341082540055766, 43.624506088919816 ], [ -79.340737252863107, 43.624508806058692 ], [ -79.340679232454519, 43.62436400287492 ], [ -79.340747743011462, 43.624221308537315 ], [ -79.341110256289014, 43.624458292564505 ], [ -79.340900343433347, 43.623966183897373 ], [ -79.339642856534823, 43.623073998193931 ], [ -79.338885046478865, 43.623014196188052 ], [ -79.339112045374179, 43.622464894758508 ], [ -79.338872064205717, 43.622184993199497 ], [ -79.33807694780441, 43.622334297187415 ], [ -79.337456234312697, 43.622844002880782 ], [ -79.337368663367371, 43.623115692488973 ], [ -79.337036456750795, 43.623016304379085 ], [ -79.337121136782045, 43.623252193920514 ], [ -79.337433430926595, 43.623145203598312 ], [ -79.337458458772247, 43.622989193191387 ], [ -79.338119152465694, 43.623162005013477 ], [ -79.337203148751215, 43.62406630048234 ], [ -79.336896757810322, 43.625010799893161 ], [ -79.33928044722559, 43.629033191530802 ], [ -79.339792637508552, 43.62925388565975 ] ] ], [ [ [ -79.327921749483508, 43.634147389414153 ], [ -79.327431049272548, 43.633845405704257 ], [ -79.327827160077064, 43.633915694963783 ], [ -79.328237844832273, 43.633706606213835 ], [ -79.328100048710525, 43.633536796535488 ], [ -79.328853059116724, 43.633500891534609 ], [ -79.327921749483508, 43.634147389414153 ] ] ], [ [ [ -79.334054708225111, 43.672098291777417 ], [ -79.331710301338347, 43.666724790261945 ], [ -79.33053710192543, 43.66698680790897 ], [ -79.328983515784188, 43.663524600058082 ], [ -79.330207017861241, 43.66323639410858 ], [ -79.328423396135037, 43.659228694484227 ], [ -79.307515411103935, 43.663928989408305 ], [ -79.305642884046108, 43.664801608716182 ], [ -79.304832401864275, 43.665908351871188 ], [ -79.30387885764037, 43.664198429617628 ], [ -79.305372857195906, 43.66297640851581 ], [ -79.306822042641741, 43.661106395044186 ], [ -79.306696362893035, 43.660171086152367 ], [ -79.305790047895755, 43.660404486959408 ], [ -79.305002263430012, 43.660001510275052 ], [ -79.306073439909767, 43.658416992487574 ], [ -79.305015948508725, 43.656672901092413 ], [ -79.305355952188592, 43.656440191277106 ], [ -79.306957665515114, 43.656584398314358 ], [ -79.307769666547401, 43.656175497646267 ], [ -79.308414339766827, 43.65515130411697 ], [ -79.308495962943311, 43.654165504413754 ], [ -79.309667267365725, 43.655398492661547 ], [ -79.310702865822748, 43.655182696519134 ], [ -79.31123916500735, 43.655790203280539 ], [ -79.310157569457672, 43.656146690162053 ], [ -79.308502051697715, 43.656000590379243 ], [ -79.307902047181457, 43.656680499297643 ], [ -79.306860850694292, 43.656933687672776 ], [ -79.307325740287865, 43.657558996575034 ], [ -79.310275946454198, 43.658398903102082 ], [ -79.310912562513181, 43.65794629477508 ], [ -79.311192045754709, 43.657273186942597 ], [ -79.3102341661087, 43.656947987287303 ], [ -79.310424441101063, 43.656665683870429 ], [ -79.311540167271076, 43.65693329656014 ], [ -79.312336744400639, 43.656756795265032 ], [ -79.312619460099725, 43.657057409185974 ], [ -79.31167743827028, 43.657783807979214 ], [ -79.311702344300556, 43.658373392321835 ], [ -79.312145443868516, 43.658868984943325 ], [ -79.311902338304137, 43.659031187837492 ], [ -79.312207648266423, 43.658921393101771 ], [ -79.312399736022897, 43.659083585896667 ], [ -79.312159058283072, 43.659240303999461 ], [ -79.312470059862662, 43.659137889645926 ], [ -79.31266174896696, 43.659291292218533 ], [ -79.312442361592645, 43.659439093012615 ], [ -79.314429861542848, 43.660943401792224 ], [ -79.31339586206947, 43.661324887331041 ], [ -79.313334254110615, 43.661637686947905 ], [ -79.314310941322205, 43.661589698538428 ], [ -79.314825754470448, 43.66198199474178 ], [ -79.317074262161839, 43.661473093296351 ], [ -79.317048147475063, 43.660944893021629 ], [ -79.318022660253263, 43.66090379697355 ], [ -79.317039961089122, 43.660791196017875 ], [ -79.313091047200587, 43.657965594999006 ], [ -79.314394648095131, 43.657380704476189 ], [ -79.316137163089806, 43.657581406975105 ], [ -79.316698464657563, 43.657275489743967 ], [ -79.315973547671518, 43.656070490518395 ], [ -79.318004945772316, 43.654345386279829 ], [ -79.319668364406652, 43.650848293274144 ], [ -79.320110538669454, 43.648758396072004 ], [ -79.319999165559949, 43.64654069563322 ], [ -79.31966954730207, 43.646114407115391 ], [ -79.320365960925642, 43.645303495345132 ], [ -79.321231949587713, 43.642851791517273 ], [ -79.32120824392527, 43.642347294484814 ], [ -79.320502740678293, 43.641814591954152 ], [ -79.32114634112213, 43.64113229735112 ], [ -79.321941346945437, 43.638929605633081 ], [ -79.321491753651145, 43.637815105995287 ], [ -79.322430659317476, 43.636982896251958 ], [ -79.323115537267839, 43.634891006053721 ], [ -79.322935665897404, 43.634220701477219 ], [ -79.321502857810586, 43.633478208427974 ], [ -79.322264538399025, 43.632527807859638 ], [ -79.322693437887693, 43.630756784898331 ], [ -79.322648052371605, 43.630118399795315 ], [ -79.322064144982718, 43.6294690077642 ], [ -79.322797338642303, 43.628376403658564 ], [ -79.323056662311615, 43.626856791292781 ], [ -79.322738258111372, 43.62618749645754 ], [ -79.324856002930119, 43.626219969804843 ], [ -79.327278443080402, 43.627112498970014 ], [ -79.326785360615119, 43.627267294908592 ], [ -79.323852939581201, 43.626453090857531 ], [ -79.323550851742453, 43.629596993729784 ], [ -79.324308143932001, 43.629766007028515 ], [ -79.325299662716716, 43.629324691328989 ], [ -79.325659648322855, 43.629537600516016 ], [ -79.324108646569698, 43.63008638869055 ], [ -79.323523230113665, 43.630630002036781 ], [ -79.32362295013661, 43.631313598857297 ], [ -79.32309044887991, 43.632283408054519 ], [ -79.323049737066356, 43.633440084081244 ], [ -79.324154639100058, 43.633544790233664 ], [ -79.326839252188975, 43.630549987329971 ], [ -79.327401452959037, 43.629640092486419 ], [ -79.326467362064619, 43.629292308903146 ], [ -79.327947366909015, 43.628886897755628 ], [ -79.328298137170208, 43.62811939872217 ], [ -79.327999262819844, 43.627502988570328 ], [ -79.329602469127778, 43.627390388805104 ], [ -79.330907643760099, 43.62611440748708 ], [ -79.331704858824764, 43.626673693369924 ], [ -79.331548361478241, 43.627248306770419 ], [ -79.329616366974705, 43.628852189453696 ], [ -79.328681537709357, 43.630430983430934 ], [ -79.328938544149707, 43.630964800604339 ], [ -79.331368853309584, 43.631247309458203 ], [ -79.33252313215597, 43.63015670195778 ], [ -79.332683858731514, 43.63065959113684 ], [ -79.333697752025515, 43.630506906169622 ], [ -79.333906433666769, 43.630248004868811 ], [ -79.333703646510173, 43.629670104596528 ], [ -79.334011033240756, 43.629391494201805 ], [ -79.335104350171576, 43.629737007316372 ], [ -79.336135741708418, 43.629092491197895 ], [ -79.336495746678395, 43.629314695577669 ], [ -79.336369350681096, 43.629893604717246 ], [ -79.334859733738838, 43.630948293380776 ], [ -79.334580264451276, 43.631617402096659 ], [ -79.333265140625045, 43.631583491361845 ], [ -79.329442655410759, 43.633102186019428 ], [ -79.328581757712882, 43.63314899395607 ], [ -79.329164947799498, 43.632460398780204 ], [ -79.328888237096265, 43.632028584903331 ], [ -79.326666259436877, 43.631816199706009 ], [ -79.326394137143453, 43.632712789969474 ], [ -79.3255771419539, 43.63375160627951 ], [ -79.325759332488161, 43.634544202680438 ], [ -79.326200336029075, 43.634796692812778 ], [ -79.326174240832771, 43.635598806201308 ], [ -79.324751935535346, 43.636215990165582 ], [ -79.322983359801427, 43.638214193820822 ], [ -79.322618245432608, 43.641253700400384 ], [ -79.321567966591871, 43.644714787958364 ], [ -79.324307654601427, 43.645218509600525 ], [ -79.325296767004062, 43.642332895938722 ], [ -79.326254944846042, 43.640819903378613 ], [ -79.324707152188481, 43.640083505029573 ], [ -79.325035352819398, 43.639934493443292 ], [ -79.326714943734203, 43.640419589611525 ], [ -79.328826853418178, 43.638150201320606 ], [ -79.328588333309213, 43.637553997153766 ], [ -79.329487130147584, 43.637033506343805 ], [ -79.330377557427596, 43.638452705047747 ], [ -79.330939229889694, 43.638681805879685 ], [ -79.329925347441474, 43.639090797114832 ], [ -79.329888161273445, 43.63980848759342 ], [ -79.32890374033488, 43.640120207783163 ], [ -79.328648163621537, 43.64089499295288 ], [ -79.327472445337037, 43.641430298850551 ], [ -79.327603856705608, 43.642153587920944 ], [ -79.32715784145995, 43.642570200268914 ], [ -79.327136254686593, 43.643179489716466 ], [ -79.328503357654199, 43.64431430541795 ], [ -79.32684203842561, 43.643977307505693 ], [ -79.325365244441514, 43.645640285859677 ], [ -79.32571965463633, 43.646773185684367 ], [ -79.326845637567942, 43.646837400953316 ], [ -79.328333363079636, 43.647561989972395 ], [ -79.329559746551851, 43.649049706327595 ], [ -79.32984863986303, 43.648922999055856 ], [ -79.328639648446739, 43.647430488220358 ], [ -79.330428863995934, 43.646614587761853 ], [ -79.337405056443842, 43.640172095759183 ], [ -79.336252963919463, 43.639412504292785 ], [ -79.334579246937864, 43.640218301461459 ], [ -79.336520438081862, 43.639178591284193 ], [ -79.33765345975911, 43.639423100439252 ], [ -79.340661545968587, 43.639103193210893 ], [ -79.341522646288936, 43.638472905663328 ], [ -79.341592853394786, 43.637986595357347 ], [ -79.343182366821893, 43.637214687429839 ], [ -79.345498354039364, 43.635035694511942 ], [ -79.346902148886414, 43.634459292411577 ], [ -79.347031537488974, 43.633192598313961 ], [ -79.347879555370497, 43.633738485972806 ], [ -79.348092144144715, 43.633589101319068 ], [ -79.350300964770867, 43.63526310062268 ], [ -79.350716564057521, 43.634984306507086 ], [ -79.35333102879585, 43.638145406983774 ], [ -79.348685053901121, 43.640773404178375 ], [ -79.34899376864972, 43.641092291092633 ], [ -79.348432339741592, 43.640925796459314 ], [ -79.332993446801439, 43.649717091939252 ], [ -79.324981938953172, 43.653144397978757 ], [ -79.325359364709826, 43.653608889599738 ], [ -79.330119235872488, 43.652203907403596 ], [ -79.331478859166339, 43.653844190861001 ], [ -79.335022539416656, 43.65232429140223 ], [ -79.333697859804857, 43.650668003793498 ], [ -79.348824940300915, 43.642080107369715 ], [ -79.349333161693508, 43.641773007705254 ], [ -79.349036349095073, 43.64148290548512 ], [ -79.349261350483829, 43.641333999358601 ], [ -79.349610152951911, 43.641623998978055 ], [ -79.354059346898708, 43.639090796812646 ], [ -79.356217355184413, 43.641707193969459 ], [ -79.352227062576731, 43.643424595866819 ], [ -79.35247593588447, 43.643933392991308 ], [ -79.356588348094732, 43.642162498107126 ], [ -79.358109536223822, 43.644017294799049 ], [ -79.35398303611278, 43.6457889930495 ], [ -79.354361536872801, 43.646248984866915 ], [ -79.356324741096302, 43.645401285627365 ], [ -79.356673760927904, 43.645828606478588 ], [ -79.354706832247118, 43.646672501082691 ], [ -79.355059562702692, 43.647099907953439 ], [ -79.354367146863183, 43.647395091015625 ], [ -79.354516982588905, 43.647558887222253 ], [ -79.3472686621636, 43.650684486872798 ], [ -79.349579897889129, 43.65364996787175 ], [ -79.354283033240236, 43.657893194164174 ], [ -79.356285021098657, 43.664525434539819 ], [ -79.352606794157239, 43.665479290567582 ], [ -79.35289789748191, 43.666154000968646 ], [ -79.349977204656369, 43.66684599922349 ], [ -79.347356416564125, 43.667429391253073 ], [ -79.347017595165028, 43.666668110922387 ], [ -79.342242266317754, 43.667756511345218 ], [ -79.339894735408691, 43.669892691481813 ], [ -79.336741563760967, 43.671921271401978 ], [ -79.336600390208929, 43.671550098404438 ], [ -79.334054708225111, 43.672098291777417 ] ] ] ] } },
{ "type": "Feature", "properties": { "fsa": "M4N" }, "geometry": { "type": "Polygon", "coordinates": [ [ [ -79.383403617167502, 43.743982090952613 ], [ -79.381095113266198, 43.731995098167118 ], [ -79.381867994114714, 43.72743591033138 ], [ -79.38149858828065, 43.726688509832783 ], [ -79.379780493516989, 43.725007888375643 ], [ -79.378927397130752, 43.720969988711666 ], [ -79.40046421796059, 43.71659859013505 ], [ -79.4008400888643, 43.718332590285613 ], [ -79.403523389119869, 43.717793903207529 ], [ -79.404325893135294, 43.719830892490855 ], [ -79.404641814509873, 43.721960192210219 ], [ -79.401587689419998, 43.721962598613956 ], [ -79.401793396447687, 43.723099890254112 ], [ -79.403149898220931, 43.722974809657195 ], [ -79.403172783702331, 43.723983608039106 ], [ -79.405306703224113, 43.723572187966084 ], [ -79.405595700320163, 43.724377605032124 ], [ -79.402183594027633, 43.725095694566001 ], [ -79.404927201176534, 43.73600111251573 ], [ -79.410111027452089, 43.734848967030217 ], [ -79.410850089172797, 43.736011592197208 ], [ -79.407933602339895, 43.737825798353697 ], [ -79.411319109718448, 43.740817105365657 ], [ -79.413436313937794, 43.739649097483273 ], [ -79.415218906136545, 43.741276507158553 ], [ -79.406714093215427, 43.744142800512058 ], [ -79.405124780240271, 43.736976309310059 ], [ -79.403948805266566, 43.738238392157292 ], [ -79.402567991090123, 43.738327203527234 ], [ -79.40187259871972, 43.738794607498249 ], [ -79.401497783954312, 43.738411200704924 ], [ -79.397007892145439, 43.738672504391282 ], [ -79.39685971358891, 43.739570797782477 ], [ -79.396364987366368, 43.739959992338299 ], [ -79.394441191486777, 43.7394557964816 ], [ -79.393933880044955, 43.740395567631886 ], [ -79.394300593532364, 43.741929803947428 ], [ -79.389480707011046, 43.742906392977339 ], [ -79.387183794583464, 43.741955698804595 ], [ -79.386699296304187, 43.741039406792176 ], [ -79.385333189322068, 43.741038194024938 ], [ -79.384602193205978, 43.741901198496805 ], [ -79.385343495339072, 43.742505908865546 ], [ -79.385448112093655, 43.743695902853936 ], [ -79.385135803491849, 43.743763504587996 ], [ -79.383403617167502, 43.743982090952613 ] ] ] } },
{ "type": "Feature", "properties": { "fsa": "M4P" }, "geometry": { "type": "Polygon", "coordinates": [ [ [ -79.386381443170166, 43.713672714821321 ], [ -79.386171817719529, 43.712129892964121 ], [ -79.377610409896008, 43.713845404386745 ], [ -79.377146291553146, 43.711030699281288 ], [ -79.379636303554904, 43.710524711508214 ], [ -79.378705801508502, 43.708206597871985 ], [ -79.38002880826906, 43.707937190038415 ], [ -79.381351405947996, 43.707676796163447 ], [ -79.382231891754515, 43.710012303418324 ], [ -79.398356107485682, 43.706727892865302 ], [ -79.40046421796059, 43.71659859013505 ], [ -79.388431881088536, 43.719040707344618 ], [ -79.386381443170166, 43.713672714821321 ] ] ] } },
{ "type": "Feature", "properties": { "fsa": "M4R" }, "geometry": { "type": "Polygon", "coordinates": [ [ [ -79.405595700320163, 43.724377605032124 ], [ -79.405306703224113, 43.723572187966084 ], [ -79.403172783702331, 43.723983608039106 ], [ -79.403149898220931, 43.722974809657195 ], [ -79.401793396447687, 43.723099890254112 ], [ -79.401587689419998, 43.721962598613956 ], [ -79.404641814509873, 43.721960192210219 ], [ -79.404325893135294, 43.719830892490855 ], [ -79.403523389119869, 43.717793903207529 ], [ -79.4008400888643, 43.718332590285613 ], [ -79.398356107485682, 43.706727892865302 ], [ -79.408503288200464, 43.704591708786502 ], [ -79.408797785891878, 43.705190089776906 ], [ -79.409687004150399, 43.705823701100698 ], [ -79.410257895988906, 43.708172706159949 ], [ -79.411643302563945, 43.711640400053284 ], [ -79.412155115853807, 43.715762201243706 ], [ -79.414529591568353, 43.717983088092303 ], [ -79.414661291566674, 43.718513956998578 ], [ -79.413792380981633, 43.718845444334015 ], [ -79.414197786871355, 43.722561493802722 ], [ -79.405595700320163, 43.724377605032124 ] ] ] } },
{ "type": "Feature", "properties": { "fsa": "M4S" }, "geometry": { "type": "Polygon", "coordinates": [ [ [ -79.377146291553146, 43.711030699281288 ], [ -79.371725700745415, 43.696744305804827 ], [ -79.388778992602724, 43.693133625560755 ], [ -79.388654111807284, 43.692671999734138 ], [ -79.389001919390978, 43.692611236001284 ], [ -79.388642906083234, 43.691888613511814 ], [ -79.39225993603641, 43.690810935376284 ], [ -79.39260607060821, 43.691489122396987 ], [ -79.391936884939213, 43.69212663571588 ], [ -79.392429650492076, 43.692377565217662 ], [ -79.395332713208802, 43.692087071602799 ], [ -79.398356107485682, 43.706727892865302 ], [ -79.382231891754515, 43.710012303418324 ], [ -79.381351405947996, 43.707676796163447 ], [ -79.38002880826906, 43.707937190038415 ], [ -79.378705801508502, 43.708206597871985 ], [ -79.379636303554904, 43.710524711508214 ], [ -79.377146291553146, 43.711030699281288 ] ] ] } },
{ "type": "Feature", "properties": { "fsa": "M4T" }, "geometry": { "type": "Polygon", "coordinates": [ [ [ -79.373449320611655, 43.688105798860946 ], [ -79.376206934141052, 43.686492695755639 ], [ -79.38340822323282, 43.684641496036157 ], [ -79.391200077793044, 43.681111070278135 ], [ -79.394813097097, 43.689732988482206 ], [ -79.395332713208802, 43.692087071602799 ], [ -79.392429650492076, 43.692377565217662 ], [ -79.391936884939213, 43.69212663571588 ], [ -79.39260607060821, 43.691489122396987 ], [ -79.39225993603641, 43.690810935376284 ], [ -79.388642906083234, 43.691888613511814 ], [ -79.389001919390978, 43.692611236001284 ], [ -79.388654111807284, 43.692671999734138 ], [ -79.388778992602724, 43.693133625560755 ], [ -79.380786709691478, 43.69470015464664 ], [ -79.380319747961536, 43.694249186607088 ], [ -79.377229644430344, 43.693722788003264 ], [ -79.373814191468995, 43.692536844965332 ], [ -79.370845768753895, 43.69069139403318 ], [ -79.373449320611655, 43.688105798860946 ] ] ] } },
{ "type": "Feature", "properties": { "fsa": "M4V" }, "geometry": { "type": "Polygon", "coordinates": [ [ [ -79.400081134229751, 43.696383429919322 ], [ -79.396096004909566, 43.695654141549554 ], [ -79.394813097097, 43.689732988482206 ], [ -79.391200077793044, 43.681111070278135 ], [ -79.400276738662782, 43.677098086386309 ], [ -79.412177280094681, 43.674433502242707 ], [ -79.41230391163306, 43.6748598994863 ], [ -79.411530804157763, 43.675011202638821 ], [ -79.412215697257565, 43.676794502549022 ], [ -79.410129700683711, 43.676864589403564 ], [ -79.40616831538199, 43.677952895861822 ], [ -79.403809509961107, 43.67801900613253 ], [ -79.404122400810564, 43.67885169881108 ], [ -79.403738778888126, 43.680632743936421 ], [ -79.406690638771451, 43.681024985771337 ], [ -79.4077487630653, 43.68164369107312 ], [ -79.409926010690384, 43.681759803332291 ], [ -79.411452870615321, 43.685317299668156 ], [ -79.412054153413607, 43.685202573041416 ], [ -79.412824507496495, 43.687220300807496 ], [ -79.412261211283692, 43.687334206918116 ], [ -79.412659489619557, 43.688658685857398 ], [ -79.414410991131035, 43.692824793832017 ], [ -79.408180105492789, 43.694295902281851 ], [ -79.408910587364801, 43.696232897257197 ], [ -79.407413188851933, 43.696545087114899 ], [ -79.407053907306988, 43.695585705116798 ], [ -79.405045806812467, 43.695971899362938 ], [ -79.404661707214856, 43.695012103481673 ], [ -79.402390701278065, 43.695484602661089 ], [ -79.401879092173644, 43.693721707579599 ], [ -79.39725071963683, 43.694647291296917 ], [ -79.397338213700323, 43.695089708611512 ], [ -79.39937141857952, 43.694695092687034 ], [ -79.400081134229751, 43.696383429919322 ] ] ] } },
{ "type": "Feature", "properties": { "fsa": "M4W" }, "geometry": { "type": "Polygon", "coordinates": [ [ [ -79.351471812422275, 43.700963197940133 ], [ -79.350562459800173, 43.699420416162447 ], [ -79.35121753909489, 43.698753888020143 ], [ -79.354961645923126, 43.698135236232638 ], [ -79.355934822683693, 43.697272691761938 ], [ -79.356722334699199, 43.695544286379594 ], [ -79.357720636080117, 43.695254901614476 ], [ -79.358902139259257, 43.695590140222059 ], [ -79.359840132733297, 43.695392701698189 ], [ -79.361826206938545, 43.694094355992306 ], [ -79.361320756684734, 43.692879005504317 ], [ -79.359838302622578, 43.69186026454696 ], [ -79.361283530722545, 43.689281030953396 ], [ -79.362604376449028, 43.688115103091803 ], [ -79.361607267095678, 43.685647004746272 ], [ -79.361663036497106, 43.685105957509634 ], [ -79.363223330584489, 43.68328031435189 ], [ -79.364855346702058, 43.682651770613468 ], [ -79.366418863858513, 43.681311921563449 ], [ -79.365823570001695, 43.680474898281801 ], [ -79.363674606135234, 43.678795269227351 ], [ -79.363623785809651, 43.677837976337841 ], [ -79.364949348628471, 43.676795177706047 ], [ -79.363436328508925, 43.675302518830541 ], [ -79.366983589659554, 43.674572391326464 ], [ -79.370887999726008, 43.671935990292376 ], [ -79.376307019817006, 43.672463290964224 ], [ -79.383142891548644, 43.671038596247932 ], [ -79.382794695991834, 43.67015129136982 ], [ -79.386412900410534, 43.669365093897738 ], [ -79.391200077793044, 43.681111070278135 ], [ -79.38340822323282, 43.684641496036157 ], [ -79.376206934141052, 43.686492695755639 ], [ -79.373449320611655, 43.688105798860946 ], [ -79.370845768753895, 43.69069139403318 ], [ -79.373814191468995, 43.692536844965332 ], [ -79.377229644430344, 43.693722788003264 ], [ -79.374427808215017, 43.694279901900664 ], [ -79.373787113680507, 43.693649510332961 ], [ -79.37079229746071, 43.694264200479481 ], [ -79.371725700745415, 43.696744305804827 ], [ -79.37012159806082, 43.697036803555307 ], [ -79.36976069297171, 43.696158296905836 ], [ -79.366829329683128, 43.69445400830967 ], [ -79.358877188367785, 43.702076323276543 ], [ -79.357196589054936, 43.701821806948608 ], [ -79.353357208526063, 43.702033588882628 ], [ -79.351471812422275, 43.700963197940133 ] ] ] } },
{ "type": "Feature", "properties": { "fsa": "M4X" }, "geometry": { "type": "Polygon", "coordinates": [ [ [ -79.359493730879819, 43.670222157316516 ], [ -79.357977884794082, 43.669261901359945 ], [ -79.359755802962141, 43.667920351087588 ], [ -79.363767488994569, 43.666927203695273 ], [ -79.363226183542523, 43.665532502383734 ], [ -79.366690903921182, 43.664781098228069 ], [ -79.367248998072952, 43.666157600989514 ], [ -79.368621112029032, 43.665871103511861 ], [ -79.367969705074245, 43.66427710725285 ], [ -79.37304730706056, 43.663179003944187 ], [ -79.375835802645966, 43.666478099027117 ], [ -79.374665690595592, 43.667091710552164 ], [ -79.376843301326986, 43.672353904150938 ], [ -79.370925493518598, 43.671927504276816 ], [ -79.366983589659554, 43.674572391326464 ], [ -79.363436328508925, 43.675302518830541 ], [ -79.36286877572303, 43.674636531059917 ], [ -79.362918252025722, 43.673246939873664 ], [ -79.36039072510539, 43.671912124590065 ], [ -79.359493730879819, 43.670222157316516 ] ] ] } },
{ "type": "Feature", "properties": { "fsa": "M4Y" }, "geometry": { "type": "Polygon", "coordinates": [ [ [ -79.376843301326986, 43.672353904150938 ], [ -79.374665690595592, 43.667091710552164 ], [ -79.375835802645966, 43.666478099027117 ], [ -79.37304730706056, 43.663179003944187 ], [ -79.38584249884174, 43.660809190214856 ], [ -79.387434310588702, 43.664968908508826 ], [ -79.385701697288567, 43.665362896598488 ], [ -79.385908999274491, 43.665859107037193 ], [ -79.38771168574371, 43.665638298896155 ], [ -79.388113603219153, 43.666526906233067 ], [ -79.386166094383242, 43.666486590842744 ], [ -79.38647638588165, 43.667149988509735 ], [ -79.388230289170068, 43.6668066110037 ], [ -79.388498902161331, 43.667431702239071 ], [ -79.387900590884456, 43.667540286417641 ], [ -79.388227596244022, 43.668301196215303 ], [ -79.388862991797595, 43.66819309357566 ], [ -79.389493583738087, 43.669660606076974 ], [ -79.386774615035932, 43.670216508883563 ], [ -79.386412900410534, 43.669365093897738 ], [ -79.382794695991834, 43.67015129136982 ], [ -79.383142891548644, 43.671038596247932 ], [ -79.376843301326986, 43.672353904150938 ] ] ] } },
{ "type": "Feature", "properties": { "fsa": "M5A" }, "geometry": { "type": "Polygon", "coordinates": [ [ [ -79.357338480155732, 43.668325709236981 ], [ -79.354283033240236, 43.657893194164174 ], [ -79.349579897889129, 43.65364996787175 ], [ -79.347288216116524, 43.650593383600309 ], [ -79.359395934919661, 43.645604698590219 ], [ -79.360734157436426, 43.647195892431455 ], [ -79.36095015358481, 43.646440195887045 ], [ -79.360205463113857, 43.645299111868361 ], [ -79.367455834477298, 43.642601887862504 ], [ -79.368292749022714, 43.643861294326499 ], [ -79.368991803281844, 43.643933905780578 ], [ -79.369491695284168, 43.644706392068493 ], [ -79.374551998400875, 43.657059791858259 ], [ -79.373441880763068, 43.657296109578496 ], [ -79.374839590244122, 43.660647386966865 ], [ -79.375887110807952, 43.660437197758775 ], [ -79.376701996252123, 43.66241159071577 ], [ -79.367969705074245, 43.66427710725285 ], [ -79.368621112029032, 43.665871103511861 ], [ -79.367248998072952, 43.666157600989514 ], [ -79.366690903921182, 43.664781098228069 ], [ -79.363226183542523, 43.665532502383734 ], [ -79.363767488994569, 43.666927203695273 ], [ -79.359755802962141, 43.667920351087588 ], [ -79.357977884794082, 43.669261901359945 ], [ -79.357338480155732, 43.668325709236981 ] ] ] } },
{ "type": "Feature", "properties": { "fsa": "M5B" }, "geometry": { "type": "Polygon", "coordinates": [ [ [ -79.376701996252123, 43.66241159071577 ], [ -79.375887110807952, 43.660437197758775 ], [ -79.374839590244122, 43.660647386966865 ], [ -79.373441880763068, 43.657296109578496 ], [ -79.374551998400875, 43.657059791858259 ], [ -79.373240812233149, 43.653718695397167 ], [ -79.379252502885478, 43.652435503064581 ], [ -79.38309250479918, 43.661367704767443 ], [ -79.38181529322047, 43.661358704290755 ], [ -79.376701996252123, 43.66241159071577 ] ] ] } },
{ "type": "Feature", "properties": { "fsa": "M5C" }, "geometry": { "type": "Polygon", "coordinates": [ [ [ -79.373240812233149, 43.653718695397167 ], [ -79.371446712407874, 43.649443304797124 ], [ -79.373826481928646, 43.648558809078864 ], [ -79.374397398693418, 43.649917500298663 ], [ -79.377902811237249, 43.64913899146493 ], [ -79.379252502885478, 43.652435503064581 ], [ -79.373240812233149, 43.653718695397167 ] ] ] } },
{ "type": "Feature", "properties": { "fsa": "M5E" }, "geometry": { "type": "Polygon", "coordinates": [ [ [ -79.373871343130944, 43.648661802158017 ], [ -79.371446712407874, 43.649443304797124 ], [ -79.369444810946604, 43.644606713892379 ], [ -79.368991803281844, 43.643933905780578 ], [ -79.368497531442245, 43.643785785272463 ], [ -79.369118645169308, 43.643556803743969 ], [ -79.36827295573228, 43.642293606615297 ], [ -79.373530641302423, 43.640330086299166 ], [ -79.37469979062449, 43.641926291757848 ], [ -79.376828508733794, 43.641146304084515 ], [ -79.377448216347588, 43.642073391536968 ], [ -79.376121413394458, 43.642540809672532 ], [ -79.375464693666515, 43.643307105939478 ], [ -79.377902811237249, 43.64913899146493 ], [ -79.374397398693418, 43.649917500298663 ], [ -79.373871343130944, 43.648661802158017 ] ] ] } },
{ "type": "Feature", "properties": { "fsa": "M5G" }, "geometry": { "type": "Polygon", "coordinates": [ [ [ -79.38309250479918, 43.661367704767443 ], [ -79.379252502885478, 43.652435503064581 ], [ -79.386611291572677, 43.650846895249948 ], [ -79.388514206223235, 43.654808491036327 ], [ -79.389212185899083, 43.654674200024019 ], [ -79.390986509683856, 43.656031806851686 ], [ -79.390450093724482, 43.65615030772566 ], [ -79.391395106470171, 43.658378604859458 ], [ -79.390135011750814, 43.658657902322147 ], [ -79.39062488508948, 43.659817307847739 ], [ -79.38309250479918, 43.661367704767443 ] ] ] } },
{ "type": "Feature", "properties": { "fsa": "M5H" }, "geometry": { "type": "Polygon", "coordinates": [ [ [ -79.378455911745363, 43.646094500694261 ], [ -79.385013505353953, 43.644764691706513 ], [ -79.387508798333926, 43.650670490141124 ], [ -79.379252502885478, 43.652435503064581 ], [ -79.376959387150947, 43.646874585646934 ], [ -79.378455911745363, 43.646094500694261 ] ] ] } },
{ "type": "Feature", "properties": { "fsa": "M5J" }, "geometry": { "type": "MultiPolygon", "coordinates": [ [ [ [ -79.386497450049106, 43.614361595359981 ], [ -79.386788558080198, 43.614391503640491 ], [ -79.38691984735101, 43.614570889792049 ], [ -79.386497450049106, 43.614361595359981 ] ] ], [ [ [ -79.38686524380654, 43.614718593709995 ], [ -79.38708746269667, 43.614761587442359 ], [ -79.386952354119174, 43.614819704885761 ], [ -79.38686524380654, 43.614718593709995 ] ] ], [ [ [ -79.385640248247441, 43.615897485580831 ], [ -79.38532654627646, 43.615395184400079 ], [ -79.385431757822474, 43.614904807117576 ], [ -79.386135363247163, 43.615345809171217 ], [ -79.385640248247441, 43.615897485580831 ] ] ], [ [ [ -79.376372033313714, 43.614006793104878 ], [ -79.375683134935414, 43.61440799259627 ], [ -79.371793136561337, 43.616178092161263 ], [ -79.371811358781514, 43.616116711390625 ], [ -79.376372033313714, 43.614006793104878 ] ] ], [ [ [ -79.371445168920602, 43.616398790444279 ], [ -79.371238342542583, 43.616405308367035 ], [ -79.371597164383843, 43.616286209185326 ], [ -79.371445168920602, 43.616398790444279 ] ] ], [ [ [ -79.384281847034444, 43.619316805321638 ], [ -79.384372555251417, 43.619295992457275 ], [ -79.384348846388903, 43.619374908398896 ], [ -79.384281847034444, 43.619316805321638 ] ] ], [ [ [ -79.379792442571812, 43.618793900195385 ], [ -79.377680435084727, 43.618438194131116 ], [ -79.377907056535363, 43.617554489500094 ], [ -79.37845536277311, 43.617250097036333 ], [ -79.379792442571812, 43.618793900195385 ] ] ], [ [ [ -79.385053843712782, 43.620137189673173 ], [ -79.384372856427603, 43.619733793336955 ], [ -79.385262560486069, 43.619306305740032 ], [ -79.385766937197033, 43.619789002315436 ], [ -79.385053843712782, 43.620137189673173 ] ] ], [ [ [ -79.372232244006696, 43.619667391787964 ], [ -79.371965952802967, 43.619110208950516 ], [ -79.374223260555681, 43.619524403922213 ], [ -79.372232244006696, 43.619667391787964 ] ] ], [ [ [ -79.37085706018199, 43.622722206282212 ], [ -79.367101955924213, 43.622527501957556 ], [ -79.366665352171793, 43.62176739855591 ], [ -79.369498741711467, 43.62155258923957 ], [ -79.371655146168465, 43.621785693293376 ], [ -79.371466561281679, 43.622446698618141 ], [ -79.37085706018199, 43.622722206282212 ] ] ], [ [ [ -79.373347665719962, 43.623677694288325 ], [ -79.372789344333583, 43.623634384281488 ], [ -79.372098152960234, 43.623082988804789 ], [ -79.372164336105541, 43.621623306608804 ], [ -79.373469561778251, 43.621421311356791 ], [ -79.375800560708669, 43.621631299881535 ], [ -79.377010049164554, 43.621950608920301 ], [ -79.377410536698235, 43.622496398270691 ], [ -79.377292658848859, 43.623115407665161 ], [ -79.375352839905048, 43.623510105074111 ], [ -79.375225144334081, 43.623835488878626 ], [ -79.373999034839244, 43.623531288881722 ], [ -79.373455346603919, 43.624020002242212 ], [ -79.373347665719962, 43.623677694288325 ] ] ], [ [ [ -79.382625235258828, 43.625613603521103 ], [ -79.381336636190952, 43.625484401393912 ], [ -79.381293056299128, 43.62439630501099 ], [ -79.381719943933632, 43.625184185558474 ], [ -79.382439243938052, 43.62538708891568 ], [ -79.382904749213878, 43.624973192394002 ], [ -79.382449345962883, 43.624678202249349 ], [ -79.383358849595638, 43.624509399665811 ], [ -79.383238261079427, 43.623752590809531 ], [ -79.380843653208046, 43.623643104221436 ], [ -79.380565266020241, 43.624415491114412 ], [ -79.380116140840641, 43.624031090001644 ], [ -79.379369444949546, 43.624232595611666 ], [ -79.378124330809129, 43.623482204012859 ], [ -79.378786546575071, 43.622924286197403 ], [ -79.37873165114469, 43.622605386115715 ], [ -79.37800085980966, 43.622503708445159 ], [ -79.378090362450678, 43.622290191493569 ], [ -79.376717647937767, 43.621506799598762 ], [ -79.374032246782093, 43.621045290910388 ], [ -79.371990033358159, 43.621112796630307 ], [ -79.370444051034639, 43.619476090879402 ], [ -79.371739636317187, 43.61909998766923 ], [ -79.372032436459492, 43.619863292250095 ], [ -79.373892360651993, 43.619977208484379 ], [ -79.374758164888775, 43.61985630142734 ], [ -79.374350754617396, 43.619263297475364 ], [ -79.375913636135195, 43.619412994856319 ], [ -79.38238386536986, 43.621017305374046 ], [ -79.382604852525432, 43.621578801861929 ], [ -79.381256961986423, 43.62101930370617 ], [ -79.380979150116445, 43.622726193964084 ], [ -79.382402343814022, 43.622385893784127 ], [ -79.382543636196999, 43.621974193711104 ], [ -79.382965743991676, 43.622430388595362 ], [ -79.381804061842317, 43.622845997357047 ], [ -79.382079863531416, 43.623648393044554 ], [ -79.383262553164727, 43.623532390645472 ], [ -79.383281846677264, 43.622923895751399 ], [ -79.384067736758738, 43.624923104739757 ], [ -79.383421049161981, 43.625467589487855 ], [ -79.383512746160406, 43.62569348592713 ], [ -79.383127061105483, 43.625585694596523 ], [ -79.382847558689647, 43.625880406521269 ], [ -79.382625235258828, 43.625613603521103 ] ] ], [ [ [ -79.3650584447374, 43.623544689701113 ], [ -79.364757854370367, 43.623213110483007 ], [ -79.366071733620927, 43.622905493608251 ], [ -79.366405550324927, 43.623585003948754 ], [ -79.3650584447374, 43.623544689701113 ] ] ], [ [ [ -79.37057116171421, 43.624403008447814 ], [ -79.368184546211054, 43.623979306257738 ], [ -79.367417636904989, 43.623019289420299 ], [ -79.371035967812531, 43.623375887165025 ], [ -79.371301254871909, 43.623641106665843 ], [ -79.37057116171421, 43.624403008447814 ] ] ], [ [ [ -79.366266352199531, 43.622861100004499 ], [ -79.36685676290476, 43.62280389031055 ], [ -79.364279043309764, 43.62300339486292 ], [ -79.364570255390646, 43.622321499984636 ], [ -79.365934737867235, 43.621655606376223 ], [ -79.368025657472018, 43.623992190916965 ], [ -79.366532339913519, 43.623628299054644 ], [ -79.366266352199531, 43.622861100004499 ] ] ], [ [ [ -79.386495838993056, 43.627748795530088 ], [ -79.384394542199388, 43.625685199619753 ], [ -79.384639156947173, 43.624709992894019 ], [ -79.383025535039437, 43.621103899345087 ], [ -79.383161059712023, 43.62086309008459 ], [ -79.386191946977917, 43.621339693857117 ], [ -79.386943558722393, 43.622552899609289 ], [ -79.387831644984757, 43.625083301333156 ], [ -79.387834041223584, 43.626020096519078 ], [ -79.386495838993056, 43.627748795530088 ] ] ], [ [ [ -79.363169639373552, 43.624757090228087 ], [ -79.362602955011837, 43.623939096722729 ], [ -79.363870044449143, 43.623168999726083 ], [ -79.365782343175795, 43.623971386540681 ], [ -79.365196748588332, 43.624798493323588 ], [ -79.363169639373552, 43.624757090228087 ] ] ], [ [ [ -79.358403937764564, 43.630428788905988 ], [ -79.357213748343341, 43.629388798507001 ], [ -79.357463834447117, 43.628229098956034 ], [ -79.359180143721403, 43.626197790231288 ], [ -79.361828363848332, 43.624746499544557 ], [ -79.362879239858401, 43.625131784148955 ], [ -79.363191944109175, 43.625532294167392 ], [ -79.362302463426502, 43.627022299315357 ], [ -79.359034057777961, 43.630054791244014 ], [ -79.358403937764564, 43.630428788905988 ] ] ], [ [ [ -79.352996338924527, 43.634127303432216 ], [ -79.34942754693958, 43.631036607873277 ], [ -79.349819134327461, 43.629038805777725 ], [ -79.349834565097254, 43.629641294040475 ], [ -79.350210260338287, 43.62974669310357 ], [ -79.354417851937086, 43.62974539701603 ], [ -79.355359562215682, 43.627982303303938 ], [ -79.357799849753505, 43.625484609773501 ], [ -79.366935459485916, 43.618927406718356 ], [ -79.367582837831108, 43.61889740731899 ], [ -79.367813849713656, 43.618521989480406 ], [ -79.36805483846814, 43.618689791236022 ], [ -79.369559739157225, 43.618019995087728 ], [ -79.369714832678824, 43.617595997344104 ], [ -79.370039254043419, 43.617745909800952 ], [ -79.370770751532945, 43.617374800363301 ], [ -79.370656246102243, 43.617135991792622 ], [ -79.371148243270227, 43.617139993098313 ], [ -79.371763951013051, 43.616405285424527 ], [ -79.370873351641066, 43.615633285280367 ], [ -79.371365535149693, 43.615454687839829 ], [ -79.371868451906622, 43.616350594506898 ], [ -79.372285234706908, 43.616445101228472 ], [ -79.376063439167226, 43.614430200354462 ], [ -79.377270457972045, 43.614371301086855 ], [ -79.379500135370762, 43.61363418659252 ], [ -79.383052364657487, 43.612103496015607 ], [ -79.38841513588244, 43.611857906701132 ], [ -79.389540434541431, 43.61212399562482 ], [ -79.389826556276432, 43.613131892123562 ], [ -79.391859060576223, 43.614847607187386 ], [ -79.391641165841563, 43.615153997125709 ], [ -79.391946744579542, 43.616912491879795 ], [ -79.394551131397975, 43.620217306638494 ], [ -79.399151962578145, 43.624032202750101 ], [ -79.401004713688025, 43.625974320232821 ], [ -79.401725822428972, 43.62585763394906 ], [ -79.402999947244695, 43.626707285620803 ], [ -79.404300240390327, 43.626427482950042 ], [ -79.404932634544011, 43.627826697408445 ], [ -79.402688161873655, 43.629458194356438 ], [ -79.396706535885698, 43.632700704610613 ], [ -79.396399448174492, 43.632519007054547 ], [ -79.396463140564606, 43.632848887702018 ], [ -79.394915847895589, 43.633676703767769 ], [ -79.39213686409461, 43.631287488517209 ], [ -79.388294464939264, 43.631989187127857 ], [ -79.388894144740291, 43.632737806092152 ], [ -79.388076956656249, 43.631955587808491 ], [ -79.387421547235647, 43.63053020796459 ], [ -79.389631940946742, 43.629748694127613 ], [ -79.389144163766247, 43.628126186903557 ], [ -79.388780133766218, 43.62830789337896 ], [ -79.389019540413202, 43.627960508075162 ], [ -79.388597351288354, 43.628095398339596 ], [ -79.388919062704474, 43.627719197299491 ], [ -79.388519845444478, 43.627853589032441 ], [ -79.389544748576654, 43.626852791294382 ], [ -79.389560864661973, 43.62579010226024 ], [ -79.388948657112039, 43.624956609752111 ], [ -79.388933964188951, 43.624442191919407 ], [ -79.389949950930543, 43.623432990025172 ], [ -79.39033135296846, 43.618218409279962 ], [ -79.389506449830805, 43.616582401788897 ], [ -79.387233541406474, 43.615867407091535 ], [ -79.386972164995342, 43.614867688974108 ], [ -79.387900448413845, 43.615165285119723 ], [ -79.389211963286499, 43.615052101940968 ], [ -79.389476546393411, 43.614433397860658 ], [ -79.38840943725225, 43.61411380262782 ], [ -79.38800544532279, 43.613479594948657 ], [ -79.38735125732515, 43.613464009366176 ], [ -79.38713156268345, 43.613938489600187 ], [ -79.386431837402881, 43.614282605057078 ], [ -79.383361861015771, 43.613499600800452 ], [ -79.383772434081337, 43.614528590693325 ], [ -79.38486584511412, 43.614830699230104 ], [ -79.384635564140382, 43.61530280735181 ], [ -79.383957845582856, 43.615618607808678 ], [ -79.384464559734667, 43.615810608936492 ], [ -79.384585131735463, 43.61642530677986 ], [ -79.38590784739813, 43.616418697077172 ], [ -79.388856066734448, 43.617183190658949 ], [ -79.389278957440538, 43.618355494171475 ], [ -79.389192556291022, 43.619506999256515 ], [ -79.388764062826453, 43.619304209945298 ], [ -79.387780255259656, 43.619283306258765 ], [ -79.388049863562387, 43.619605187543506 ], [ -79.389168164510735, 43.619606088044556 ], [ -79.389385154458807, 43.620839588624904 ], [ -79.388901064880343, 43.620988104728632 ], [ -79.3864181551737, 43.620476495066377 ], [ -79.386135632532941, 43.619021304672899 ], [ -79.385948266874877, 43.619220790134605 ], [ -79.385133847658054, 43.61892060453701 ], [ -79.384724060876081, 43.618147904262536 ], [ -79.384732549689375, 43.618729091759285 ], [ -79.384153654611623, 43.618406396862078 ], [ -79.384202559531602, 43.618794804093113 ], [ -79.383848352006197, 43.618526493880708 ], [ -79.383415955836, 43.618991788850977 ], [ -79.383906249729719, 43.619277786132294 ], [ -79.383984058010526, 43.619692791500853 ], [ -79.383305763456988, 43.619913893887237 ], [ -79.382988169860482, 43.619607688182967 ], [ -79.381648333926677, 43.619579799437311 ], [ -79.380535153808367, 43.618818994227759 ], [ -79.379153564161868, 43.617015200040029 ], [ -79.379691230821081, 43.616578703371346 ], [ -79.380379239232468, 43.6170680055764 ], [ -79.381114567177804, 43.617050592885001 ], [ -79.379814258403769, 43.616179199030704 ], [ -79.379636443661738, 43.616427888204335 ], [ -79.379225147962615, 43.61612169326213 ], [ -79.377704240578012, 43.616660407801632 ], [ -79.376757150252743, 43.618467707458144 ], [ -79.374772250161385, 43.61851090831447 ], [ -79.373582343819166, 43.619089101327894 ], [ -79.371442453113573, 43.618610595331525 ], [ -79.369925542209415, 43.619246103606741 ], [ -79.369953347979305, 43.619757395958722 ], [ -79.370608135855051, 43.620495290611508 ], [ -79.370437844981524, 43.620881007509745 ], [ -79.36585663448146, 43.62145230548613 ], [ -79.364366839141994, 43.622176502362784 ], [ -79.364053359740325, 43.622791795999937 ], [ -79.359954751534929, 43.625147088002727 ], [ -79.358314737020777, 43.626492286512523 ], [ -79.356325148561169, 43.629018587642456 ], [ -79.356495862410668, 43.629761394638329 ], [ -79.357211740946937, 43.63044038965775 ], [ -79.357225757232015, 43.631131388076554 ], [ -79.358169766573482, 43.631356292978737 ], [ -79.357161654772028, 43.631602502155957 ], [ -79.357196551531288, 43.632513402366961 ], [ -79.356719729345826, 43.633282207388717 ], [ -79.355607157622984, 43.633575599306909 ], [ -79.355350742763534, 43.633231984608862 ], [ -79.354464963489505, 43.63340899469739 ], [ -79.352996338924527, 43.634127303432216 ] ] ], [ [ [ -79.377299269112058, 43.640052392607053 ], [ -79.379112967869219, 43.639476064941306 ], [ -79.379883396824482, 43.640149123638508 ], [ -79.3802185133829, 43.640023814649055 ], [ -79.379598852147211, 43.638072585855198 ], [ -79.383690138838659, 43.637690485668948 ], [ -79.384289612737973, 43.639161087079422 ], [ -79.386560599895461, 43.638844012738787 ], [ -79.387683106600235, 43.640912712018036 ], [ -79.388847890624774, 43.640469988815795 ], [ -79.389948986362398, 43.640557505222972 ], [ -79.390932091397673, 43.642133451073761 ], [ -79.391272710058288, 43.643413594548612 ], [ -79.378455911745363, 43.646094500694261 ], [ -79.376959387150947, 43.646874585646934 ], [ -79.375464693666515, 43.643307105939478 ], [ -79.376121413394458, 43.642540809672532 ], [ -79.377448216347588, 43.642073391536968 ], [ -79.376436148164558, 43.64065567190687 ], [ -79.377299269112058, 43.640052392607053 ] ] ] ] } },
{ "type": "Feature", "properties": { "fsa": "M5M" }, "geometry": { "type": "Polygon", "coordinates": [ [ [ -79.415218906136545, 43.741276507158553 ], [ -79.413436313937794, 43.739649097483273 ], [ -79.411319109718448, 43.740817105365657 ], [ -79.407933602339895, 43.737825798353697 ], [ -79.410850089172797, 43.736011592197208 ], [ -79.410111027452089, 43.734848967030217 ], [ -79.404927201176534, 43.73600111251573 ], [ -79.402183594027633, 43.725095694566001 ], [ -79.429804500089816, 43.719252488815478 ], [ -79.430902393656282, 43.724214606032163 ], [ -79.42673221385769, 43.725111693468506 ], [ -79.427312907386408, 43.726641302974677 ], [ -79.429335593442204, 43.726209997679035 ], [ -79.429637812007357, 43.72699749186615 ], [ -79.431423190237055, 43.726616805666744 ], [ -79.432343306659462, 43.730375013006302 ], [ -79.430407891671948, 43.730789607959245 ], [ -79.430782509312564, 43.731659099542114 ], [ -79.430581109152442, 43.731764401771272 ], [ -79.428722000480164, 43.732107992394873 ], [ -79.42979760579091, 43.734661907236358 ], [ -79.4331707051508, 43.733879789763392 ], [ -79.433694405149481, 43.736138695472441 ], [ -79.418813113053091, 43.745323903042646 ], [ -79.414741997685155, 43.749463297010337 ], [ -79.408376132159887, 43.753603907169648 ], [ -79.408098399994927, 43.749786289082842 ], [ -79.406714093215427, 43.744142800512058 ], [ -79.415218906136545, 43.741276507158553 ] ] ] } },
{ "type": "Feature", "properties": { "fsa": "M5N" }, "geometry": { "type": "Polygon", "coordinates": [ [ [ -79.41790278853172, 43.701129705117616 ], [ -79.419113509149227, 43.700867413404161 ], [ -79.418447503185021, 43.699291508299574 ], [ -79.42117581208916, 43.700310602556868 ], [ -79.423130310799621, 43.701499108509012 ], [ -79.42554998990137, 43.700986304487962 ], [ -79.429804500089816, 43.719252488815478 ], [ -79.414197786871355, 43.722561493802722 ], [ -79.413792380981633, 43.718845444334015 ], [ -79.414661291566674, 43.718513956998578 ], [ -79.414529591568353, 43.717983088092303 ], [ -79.412155115853807, 43.715762201243706 ], [ -79.411643302563945, 43.711640400053284 ], [ -79.410257895988906, 43.708172706159949 ], [ -79.409687004150399, 43.705823701100698 ], [ -79.408797785891878, 43.705190089776906 ], [ -79.408503288200464, 43.704591708786502 ], [ -79.419099490223758, 43.702343807734714 ], [ -79.41790278853172, 43.701129705117616 ] ] ] } },
{ "type": "Feature", "properties": { "fsa": "M5P" }, "geometry": { "type": "Polygon", "coordinates": [ [ [ -79.398356107485682, 43.706727892865302 ], [ -79.396096004909566, 43.695654141549554 ], [ -79.396457268582765, 43.695631770180228 ], [ -79.400081134229751, 43.696383429919322 ], [ -79.39937141857952, 43.694695092687034 ], [ -79.397338213700323, 43.695089708611512 ], [ -79.39725071963683, 43.694647291296917 ], [ -79.401879092173644, 43.693721707579599 ], [ -79.402390701278065, 43.695484602661089 ], [ -79.404661707214856, 43.695012103481673 ], [ -79.405045806812467, 43.695971899362938 ], [ -79.407053907306988, 43.695585705116798 ], [ -79.407413188851933, 43.696545087114899 ], [ -79.408910587364801, 43.696232897257197 ], [ -79.408180105492789, 43.694295902281851 ], [ -79.414410991131035, 43.692824793832017 ], [ -79.412261211283692, 43.687334206918116 ], [ -79.412824507496495, 43.687220300807496 ], [ -79.412486534307192, 43.686278394155892 ], [ -79.412054153413607, 43.685202573041416 ], [ -79.411452870615321, 43.685317299668156 ], [ -79.411153090839775, 43.68462210437977 ], [ -79.415891403141643, 43.683724509535153 ], [ -79.415872288836098, 43.682658301710404 ], [ -79.413310503077199, 43.681851891510675 ], [ -79.412846220100889, 43.680638890626923 ], [ -79.415839504570855, 43.680041199022888 ], [ -79.416640513822387, 43.682132210448742 ], [ -79.417799991239477, 43.681914089574498 ], [ -79.418551227982618, 43.68379478275466 ], [ -79.419711595289854, 43.683366987395686 ], [ -79.42144660971536, 43.687628003666433 ], [ -79.424674489304863, 43.688978101404409 ], [ -79.426317847909814, 43.691575488018181 ], [ -79.421249140948703, 43.690463674709171 ], [ -79.422741001034765, 43.694101588054565 ], [ -79.428091296122005, 43.694499505004963 ], [ -79.429117891174812, 43.696053199114331 ], [ -79.427300009947544, 43.69628931200026 ], [ -79.427660093457021, 43.697230695915358 ], [ -79.426548710680208, 43.69749450708742 ], [ -79.426874397211748, 43.698327294706388 ], [ -79.424759000841291, 43.699018491237247 ], [ -79.42554998990137, 43.700986304487962 ], [ -79.423130310799621, 43.701499108509012 ], [ -79.42117581208916, 43.700310602556868 ], [ -79.418447503185021, 43.699291508299574 ], [ -79.419113509149227, 43.700867413404161 ], [ -79.41790278853172, 43.701129705117616 ], [ -79.419099490223758, 43.702343807734714 ], [ -79.398356107485682, 43.706727892865302 ] ] ] } },
{ "type": "Feature", "properties": { "fsa": "M5R" }, "geometry": { "type": "Polygon", "coordinates": [ [ [ -79.411043794568613, 43.684530488310358 ], [ -79.409926010690384, 43.681759803332291 ], [ -79.4077487630653, 43.68164369107312 ], [ -79.406690638771451, 43.681024985771337 ], [ -79.403738778888126, 43.680632743936421 ], [ -79.404122400810564, 43.67885169881108 ], [ -79.403809509961107, 43.67801900613253 ], [ -79.40616831538199, 43.677952895861822 ], [ -79.410129700683711, 43.676864589403564 ], [ -79.412215697257565, 43.676794502549022 ], [ -79.411530804157763, 43.675011202638821 ], [ -79.41230391163306, 43.6748598994863 ], [ -79.412177280094681, 43.674433502242707 ], [ -79.400276738662782, 43.677098086386309 ], [ -79.391200077793044, 43.681111070278135 ], [ -79.386774615035932, 43.670216508883563 ], [ -79.411196598777721, 43.665111310745168 ], [ -79.417799991239477, 43.681914089574498 ], [ -79.416640513822387, 43.682132210448742 ], [ -79.415839504570855, 43.680041199022888 ], [ -79.412846220100889, 43.680638890626923 ], [ -79.413310503077199, 43.681851891510675 ], [ -79.415872288836098, 43.682658301710404 ], [ -79.415891403141643, 43.683724509535153 ], [ -79.411043794568613, 43.684530488310358 ] ] ] } },
{ "type": "Feature", "properties": { "fsa": "M5S" }, "geometry": { "type": "Polygon", "coordinates": [ [ [ -79.389493583738087, 43.669660606076974 ], [ -79.388862991797595, 43.66819309357566 ], [ -79.388227596244022, 43.668301196215303 ], [ -79.387900590884456, 43.667540286417641 ], [ -79.388498902161331, 43.667431702239071 ], [ -79.388230289170068, 43.6668066110037 ], [ -79.38647638588165, 43.667149988509735 ], [ -79.386166094383242, 43.666486590842744 ], [ -79.388113603219153, 43.666526906233067 ], [ -79.38771168574371, 43.665638298896155 ], [ -79.385908999274491, 43.665859107037193 ], [ -79.385701697288567, 43.665362896598488 ], [ -79.387434310588702, 43.664968908508826 ], [ -79.38584249884174, 43.660809190214856 ], [ -79.407693309684063, 43.656409904633399 ], [ -79.411196598777721, 43.665111310745168 ], [ -79.389493583738087, 43.669660606076974 ] ] ] } },
{ "type": "Feature", "properties": { "fsa": "M5T" }, "geometry": { "type": "Polygon", "coordinates": [ [ [ -79.391395106470171, 43.658378604859458 ], [ -79.390450093724482, 43.65615030772566 ], [ -79.390986509683856, 43.656031806851686 ], [ -79.389212185899083, 43.654674200024019 ], [ -79.388514206223235, 43.654808491036327 ], [ -79.386611291572677, 43.650846895249948 ], [ -79.40399408344858, 43.647183301470655 ], [ -79.407693309684063, 43.656409904633399 ], [ -79.39062488508948, 43.659817307847739 ], [ -79.390135011750814, 43.658657902322147 ], [ -79.391395106470171, 43.658378604859458 ] ] ] } },
{ "type": "Feature", "properties": { "fsa": "M5V" }, "geometry": { "type": "MultiPolygon", "coordinates": [ [ [ [ -79.414615261332415, 43.62959520352242 ], [ -79.413909934819614, 43.628969201757101 ], [ -79.414552850827093, 43.628697994176484 ], [ -79.41467625024795, 43.628061304186055 ], [ -79.416614445567689, 43.628609185135673 ], [ -79.416194441410155, 43.629633188543337 ], [ -79.414615261332415, 43.62959520352242 ] ] ], [ [ [ -79.404989431297167, 43.631734206012709 ], [ -79.404548445575116, 43.63157188833074 ], [ -79.405020140793098, 43.631678688878388 ], [ -79.404989431297167, 43.631734206012709 ] ] ], [ [ [ -79.406744739446694, 43.631432704665585 ], [ -79.408831053832401, 43.63114068634043 ], [ -79.405127549429935, 43.631702797789117 ], [ -79.406744739446694, 43.631432704665585 ] ] ], [ [ [ -79.404662045824466, 43.632996699298843 ], [ -79.404585751267732, 43.632062501644327 ], [ -79.40472904910321, 43.63302760233568 ], [ -79.404662045824466, 43.632996699298843 ] ] ], [ [ [ -79.391272710058288, 43.643413594548612 ], [ -79.390932091397673, 43.642133451073761 ], [ -79.389948986362398, 43.640557505222972 ], [ -79.388847890624774, 43.640469988815795 ], [ -79.387683106600235, 43.640912712018036 ], [ -79.386560599895461, 43.638844012738787 ], [ -79.384289612737973, 43.639161087079422 ], [ -79.384991958548312, 43.638993201726201 ], [ -79.384411964860377, 43.637613989628107 ], [ -79.385454456277557, 43.637511701114477 ], [ -79.385054037776584, 43.637623986609597 ], [ -79.385242633033499, 43.638167006566626 ], [ -79.385754768495701, 43.638054388411554 ], [ -79.385553136669174, 43.637498200053706 ], [ -79.386606034776293, 43.637399192873218 ], [ -79.387074457120974, 43.638596709803835 ], [ -79.387601854783156, 43.638480601032306 ], [ -79.387125337302393, 43.63736040237017 ], [ -79.388839854551094, 43.637189697581874 ], [ -79.388983246804457, 43.637548097829878 ], [ -79.389025845569293, 43.637184391892482 ], [ -79.389185711503245, 43.638075109332206 ], [ -79.389601566230823, 43.638329000954876 ], [ -79.389325043125211, 43.638414493659091 ], [ -79.389429950766115, 43.638670505204729 ], [ -79.390139163109524, 43.638544887744409 ], [ -79.389725935093523, 43.638283699016071 ], [ -79.389620445243253, 43.638004694852832 ], [ -79.38988556555887, 43.637917197824962 ], [ -79.389555844903683, 43.63713159406597 ], [ -79.391039260575525, 43.636983091783634 ], [ -79.391307941380518, 43.637607984695784 ], [ -79.391951154192881, 43.637482098497166 ], [ -79.39155995303021, 43.636345892747286 ], [ -79.391863551840913, 43.636913107719607 ], [ -79.395122535509145, 43.636601993064026 ], [ -79.394481063540141, 43.635543691762713 ], [ -79.392919059608587, 43.636304593779215 ], [ -79.391845339866549, 43.636360888699258 ], [ -79.394452663780712, 43.63543748989327 ], [ -79.394980146392868, 43.635319797233905 ], [ -79.395974845114594, 43.636516586426026 ], [ -79.396933635407322, 43.636431889488478 ], [ -79.395470446724062, 43.634688291096928 ], [ -79.397350836213548, 43.633677396909086 ], [ -79.397722742029231, 43.633819397503309 ], [ -79.397586747470669, 43.633546406629897 ], [ -79.402314849390891, 43.630993499535748 ], [ -79.404442733469423, 43.631541701183039 ], [ -79.403051259662831, 43.631283093717599 ], [ -79.400328965348081, 43.632931394596781 ], [ -79.401611146003944, 43.634180298832526 ], [ -79.403395665932294, 43.633380896298064 ], [ -79.406634156726028, 43.632837092226119 ], [ -79.408600754255346, 43.633052205074243 ], [ -79.408769359517265, 43.631700411759233 ], [ -79.409968164222647, 43.631149596786329 ], [ -79.409960347201135, 43.630958890022441 ], [ -79.409220256771519, 43.631089710342529 ], [ -79.408729150602227, 43.630835192359598 ], [ -79.409437962781823, 43.630991112331266 ], [ -79.40908924168464, 43.62961968543182 ], [ -79.410211662772923, 43.629222292308157 ], [ -79.410107154104125, 43.628044886794882 ], [ -79.411164258312226, 43.627351295743765 ], [ -79.41561345423554, 43.62689539074956 ], [ -79.415653465622455, 43.627647802737727 ], [ -79.416244965345925, 43.628119491716824 ], [ -79.417336732871746, 43.627937101378535 ], [ -79.417841539074132, 43.62735769843264 ], [ -79.41600793630947, 43.627436189522015 ], [ -79.418609644326963, 43.626777208169464 ], [ -79.416550053172728, 43.626426486679158 ], [ -79.414813845701985, 43.626518591329798 ], [ -79.416756856419937, 43.626298103643748 ], [ -79.419477736935335, 43.626881584551022 ], [ -79.42004276420333, 43.62674680667849 ], [ -79.420408734974913, 43.627213295481347 ], [ -79.421348236769802, 43.627566694142203 ], [ -79.422434762365043, 43.627495410371992 ], [ -79.422120262468709, 43.628389207956346 ], [ -79.422651636740781, 43.629022104059409 ], [ -79.425181636494557, 43.628830784540554 ], [ -79.426688039374895, 43.62896780076067 ], [ -79.419665165984256, 43.629347695740975 ], [ -79.419337342607065, 43.629012384079218 ], [ -79.419906543154156, 43.628284097319082 ], [ -79.419414557052605, 43.628713306210429 ], [ -79.41914806537153, 43.628504197871266 ], [ -79.419259339013436, 43.627987488430293 ], [ -79.418818843979111, 43.627928486320975 ], [ -79.418575435659335, 43.628251286371366 ], [ -79.418379068559872, 43.628067987826213 ], [ -79.418726767728344, 43.62754598789811 ], [ -79.420057253501923, 43.627981910463006 ], [ -79.419474251046253, 43.627493305025958 ], [ -79.41857376038709, 43.627254300216059 ], [ -79.418401439778265, 43.627608398854747 ], [ -79.417878958109512, 43.627655904524516 ], [ -79.417924539083529, 43.627963194829448 ], [ -79.415714938635631, 43.628295788298239 ], [ -79.414590843930029, 43.627712184617508 ], [ -79.414245158724938, 43.628007088061466 ], [ -79.414414961991653, 43.628661392891097 ], [ -79.413782630152227, 43.628986105972459 ], [ -79.414509946470972, 43.629622289396153 ], [ -79.41430234173167, 43.630041589182419 ], [ -79.412100842381662, 43.629408705838649 ], [ -79.410439958913656, 43.630305794522549 ], [ -79.410459869577181, 43.630814388286112 ], [ -79.411434938079324, 43.63071029954471 ], [ -79.410376951317787, 43.631080706093258 ], [ -79.411550751834682, 43.630889690800288 ], [ -79.411733636001244, 43.630603607255104 ], [ -79.417398244304039, 43.62991118737957 ], [ -79.418696858511211, 43.629435796678386 ], [ -79.420125648527602, 43.630117903256597 ], [ -79.427025008762882, 43.629706923161045 ], [ -79.428891700496862, 43.633462119257359 ], [ -79.41043638609365, 43.6382941834052 ], [ -79.41173368750205, 43.641447599693414 ], [ -79.410487403207838, 43.641691394512321 ], [ -79.410707294469987, 43.64228869472818 ], [ -79.405272402635447, 43.643392511193504 ], [ -79.405783601352937, 43.644687199646263 ], [ -79.40308791041636, 43.644883612208204 ], [ -79.40399408344858, 43.647183301470655 ], [ -79.387508798333926, 43.650670490141124 ], [ -79.385013505353953, 43.644764691706513 ], [ -79.391272710058288, 43.643413594548612 ] ] ] ] } },
{ "type": "Feature", "properties": { "fsa": "M6A" }, "geometry": { "type": "Polygon", "coordinates": [ [ [ -79.433190293346001, 43.734078204473761 ], [ -79.42979760579091, 43.734661907236358 ], [ -79.428722000480164, 43.732107992394873 ], [ -79.430581109152442, 43.731764401771272 ], [ -79.430782509312564, 43.731659099542114 ], [ -79.430407891671948, 43.730789607959245 ], [ -79.432343306659462, 43.730375013006302 ], [ -79.431423190237055, 43.726616805666744 ], [ -79.429637812007357, 43.72699749186615 ], [ -79.429335593442204, 43.726209997679035 ], [ -79.427312907386408, 43.726641302974677 ], [ -79.42673221385769, 43.725111693468506 ], [ -79.430902393656282, 43.724214606032163 ], [ -79.429804500089816, 43.719252488815478 ], [ -79.469765261262069, 43.710861789942292 ], [ -79.472534262186258, 43.724868627280927 ], [ -79.442947807540747, 43.73130329887595 ], [ -79.439986880192819, 43.732478408902324 ], [ -79.433694405149481, 43.736138695472441 ], [ -79.433190293346001, 43.734078204473761 ] ] ] } },
{ "type": "Feature", "properties": { "fsa": "M6B" }, "geometry": { "type": "Polygon", "coordinates": [ [ [ -79.432271197624985, 43.703146511332037 ], [ -79.431932285925271, 43.702340491635802 ], [ -79.433804112087387, 43.701952008527897 ], [ -79.434230790739335, 43.702723207220494 ], [ -79.436925770018973, 43.702129899122362 ], [ -79.437315299284961, 43.703052832130012 ], [ -79.438977623307281, 43.702672941153452 ], [ -79.438981092880809, 43.701903862954566 ], [ -79.440804970563775, 43.701557614249431 ], [ -79.440906334881717, 43.701796380702334 ], [ -79.451422024857891, 43.69926643364343 ], [ -79.45130030032837, 43.698688001655356 ], [ -79.454113890532, 43.69833888803327 ], [ -79.453576797891159, 43.697026091741293 ], [ -79.454737395236904, 43.69677170802585 ], [ -79.45527530929013, 43.69805749916717 ], [ -79.456423486371492, 43.697802895594556 ], [ -79.456601095575849, 43.698200986846892 ], [ -79.458908293001315, 43.697692391259807 ], [ -79.460389762433763, 43.701150873512802 ], [ -79.467084036179983, 43.699725881314158 ], [ -79.469765261262069, 43.710861789942292 ], [ -79.429804500089816, 43.719252488815478 ], [ -79.426135708701125, 43.704268697823878 ], [ -79.432271197624985, 43.703146511332037 ] ] ] } },
{ "type": "Feature", "properties": { "fsa": "M6C" }, "geometry": { "type": "MultiPolygon", "coordinates": [ [ [ [ -79.432692407368748, 43.680786793164842 ], [ -79.431818787696059, 43.678604894109803 ], [ -79.432990203886007, 43.678404800610416 ], [ -79.43329420031651, 43.679166304971019 ], [ -79.435544014995187, 43.67867779488008 ], [ -79.435909338371829, 43.680145278860621 ], [ -79.432692407368748, 43.680786793164842 ] ] ], [ [ [ -79.432692407368748, 43.680786793164842 ], [ -79.433602592814751, 43.682518997726653 ], [ -79.436584999775022, 43.681857510273872 ], [ -79.438403408008497, 43.686366307787388 ], [ -79.43740631226224, 43.686541703939696 ], [ -79.439185789759534, 43.69112198891235 ], [ -79.438889809263486, 43.691532091635281 ], [ -79.440833811835859, 43.692648207041977 ], [ -79.442785895259405, 43.697293702206998 ], [ -79.439378910376121, 43.698030609582105 ], [ -79.440136993449769, 43.699904711408465 ], [ -79.439074518610184, 43.700196391311664 ], [ -79.439350105555107, 43.701532709779322 ], [ -79.434230790739335, 43.702723207220494 ], [ -79.433804112087387, 43.701952008527897 ], [ -79.431932285925271, 43.702340491635802 ], [ -79.432271197624985, 43.703146511332037 ], [ -79.426135708701125, 43.704268697823878 ], [ -79.425600304402721, 43.701107799701248 ], [ -79.424759000841291, 43.699018491237247 ], [ -79.426874397211748, 43.698327294706388 ], [ -79.426548710680208, 43.69749450708742 ], [ -79.427660093457021, 43.697230695915358 ], [ -79.427300009947544, 43.69628931200026 ], [ -79.429117891174812, 43.696053199114331 ], [ -79.428091296122005, 43.694499505004963 ], [ -79.422741001034765, 43.694101588054565 ], [ -79.421249140948703, 43.690463674709171 ], [ -79.426317847909814, 43.691575488018181 ], [ -79.424674489304863, 43.688978101404409 ], [ -79.42144660971536, 43.687628003666433 ], [ -79.419711595289854, 43.683366987395686 ], [ -79.418551227982618, 43.68379478275466 ], [ -79.417463107237353, 43.68104509736628 ], [ -79.420683202219152, 43.683123795208971 ], [ -79.432692407368748, 43.680786793164842 ] ] ] ] } },
{ "type": "Feature", "properties": { "fsa": "M6E" }, "geometry": { "type": "Polygon", "coordinates": [ [ [ -79.439490513262953, 43.701381494725958 ], [ -79.439074518610184, 43.700196391311664 ], [ -79.440136993449769, 43.699904711408465 ], [ -79.439378910376121, 43.698030609582105 ], [ -79.442785895259405, 43.697293702206998 ], [ -79.440833811835859, 43.692648207041977 ], [ -79.438889809263486, 43.691532091635281 ], [ -79.439185789759534, 43.69112198891235 ], [ -79.43740631226224, 43.686541703939696 ], [ -79.438403408008497, 43.686366307787388 ], [ -79.436584999775022, 43.681857510273872 ], [ -79.433602592814751, 43.682518997726653 ], [ -79.432692407368748, 43.680786793164842 ], [ -79.435909338371829, 43.680145278860621 ], [ -79.435258899041159, 43.677985702184621 ], [ -79.439078491861522, 43.6770834898131 ], [ -79.439953082413766, 43.679276862667905 ], [ -79.44217163804727, 43.678806996261869 ], [ -79.44196549043572, 43.678176400327025 ], [ -79.455929248622127, 43.675096959879589 ], [ -79.4614100759526, 43.683525983282003 ], [ -79.462905049603549, 43.688990275451658 ], [ -79.465194273580693, 43.693244278109589 ], [ -79.467084036179983, 43.699725881314158 ], [ -79.460389762433763, 43.701150873512802 ], [ -79.458908293001315, 43.697692391259807 ], [ -79.456601095575849, 43.698200986846892 ], [ -79.456423486371492, 43.697802895594556 ], [ -79.45527530929013, 43.69805749916717 ], [ -79.454737395236904, 43.69677170802585 ], [ -79.453576797891159, 43.697026091741293 ], [ -79.454113890532, 43.69833888803327 ], [ -79.45130030032837, 43.698688001655356 ], [ -79.451422024857891, 43.69926643364343 ], [ -79.440906334881717, 43.701796380702334 ], [ -79.440804970563775, 43.701557614249431 ], [ -79.438981092880809, 43.701903862954566 ], [ -79.438977623307281, 43.702672941153452 ], [ -79.437315299284961, 43.703052832130012 ], [ -79.436925770018973, 43.702129899122362 ], [ -79.439490513262953, 43.701381494725958 ] ] ] } },
{ "type": "Feature", "properties": { "fsa": "M6G" }, "geometry": { "type": "Polygon", "coordinates": [ [ [ -79.420683202219152, 43.683123795208971 ], [ -79.417463107237353, 43.68104509736628 ], [ -79.407693309684063, 43.656409904633399 ], [ -79.415160105568376, 43.654947003299462 ], [ -79.418575400985347, 43.655228403303859 ], [ -79.422689610208877, 43.654393900606671 ], [ -79.426085506335397, 43.663012390769339 ], [ -79.427245401901601, 43.662767193320242 ], [ -79.430351185837395, 43.670184093332274 ], [ -79.429003293519287, 43.670021486957964 ], [ -79.429396214760942, 43.670982002996929 ], [ -79.429586914359987, 43.671425109017761 ], [ -79.430783707171742, 43.671198493749188 ], [ -79.432158990948466, 43.674593786167534 ], [ -79.43022031428734, 43.674729305068119 ], [ -79.432692407368748, 43.680786793164842 ], [ -79.420683202219152, 43.683123795208971 ] ] ] } },
{ "type": "Feature", "properties": { "fsa": "M6H" }, "geometry": { "type": "Polygon", "coordinates": [ [ [ -79.43329420031651, 43.679166304971019 ], [ -79.432990203886007, 43.678404800610416 ], [ -79.431818787696059, 43.678604894109803 ], [ -79.43022031428734, 43.674729305068119 ], [ -79.432158990948466, 43.674593786167534 ], [ -79.430783707171742, 43.671198493749188 ], [ -79.429586914359987, 43.671425109017761 ], [ -79.429003293519287, 43.670021486957964 ], [ -79.430351185837395, 43.670184093332274 ], [ -79.427245401901601, 43.662767193320242 ], [ -79.426085506335397, 43.663012390769339 ], [ -79.422689610208877, 43.654393900606671 ], [ -79.439989799782936, 43.651002704428315 ], [ -79.44113149919724, 43.653845492392584 ], [ -79.442299809107965, 43.653744410594086 ], [ -79.443985910839643, 43.658080307174188 ], [ -79.445184977943072, 43.657831858921092 ], [ -79.450105459898381, 43.669416370911264 ], [ -79.452337574139634, 43.672207785299143 ], [ -79.455929248622127, 43.675096959879589 ], [ -79.44196549043572, 43.678176400327025 ], [ -79.44217163804727, 43.678806996261869 ], [ -79.439953082413766, 43.679276862667905 ], [ -79.439078491861522, 43.6770834898131 ], [ -79.435258899041159, 43.677985702184621 ], [ -79.435544014995187, 43.67867779488008 ], [ -79.43329420031651, 43.679166304971019 ] ] ] } },
{ "type": "Feature", "properties": { "fsa": "M6J" }, "geometry": { "type": "MultiPolygon", "coordinates": [ [ [ [ -79.374530341763986, 43.64180253537122 ], [ -79.375174565602947, 43.641563190722849 ], [ -79.374209962333396, 43.640562003763485 ], [ -79.374469854057239, 43.64053059413407 ], [ -79.374235050320451, 43.640152003899686 ], [ -79.374507437758226, 43.640359700493278 ], [ -79.374646834502215, 43.639991893909475 ], [ -79.374850947518226, 43.640237286280239 ], [ -79.37542125611759, 43.640038001368048 ], [ -79.375208135047473, 43.639702994071875 ], [ -79.375560153554176, 43.63992559698778 ], [ -79.375399143030208, 43.639635698301845 ], [ -79.377157159797221, 43.638987600356998 ], [ -79.377465960834655, 43.63944559956839 ], [ -79.377614444388868, 43.639398804406127 ], [ -79.378675053849619, 43.638954703570448 ], [ -79.378395951241714, 43.638523885830423 ], [ -79.378829458559821, 43.638361293617344 ], [ -79.3802185133829, 43.640023814649055 ], [ -79.379883396824482, 43.640149123638508 ], [ -79.379386571610951, 43.639499176066344 ], [ -79.378214227801152, 43.639646486604136 ], [ -79.376511283298626, 43.640401965068861 ], [ -79.376828508733794, 43.641146304084515 ], [ -79.374530341763986, 43.64180253537122 ] ] ], [ [ [ -79.407693309684063, 43.656409904633399 ], [ -79.40308791041636, 43.644883612208204 ], [ -79.405783601352937, 43.644687199646263 ], [ -79.405272402635447, 43.643392511193504 ], [ -79.410707294469987, 43.64228869472818 ], [ -79.410487403207838, 43.641691394512321 ], [ -79.41169649790092, 43.641447105717724 ], [ -79.411953689339271, 43.642035900060492 ], [ -79.415007316292645, 43.641429995183152 ], [ -79.415494404092442, 43.642706311824568 ], [ -79.421095267079806, 43.64174489598166 ], [ -79.421785518440601, 43.643614288262413 ], [ -79.422392390634144, 43.64348599019592 ], [ -79.421410083961533, 43.640667684825758 ], [ -79.424944038391303, 43.641159283400711 ], [ -79.428510862885759, 43.642498827633261 ], [ -79.432048810435035, 43.651191197442657 ], [ -79.431137813755697, 43.651412808450708 ], [ -79.431673789532127, 43.652734697381987 ], [ -79.429859986909108, 43.652862907771819 ], [ -79.418575400985347, 43.655228403303859 ], [ -79.41528460031455, 43.654930704036332 ], [ -79.407693309684063, 43.656409904633399 ] ] ] ] } },
{ "type": "Feature", "properties": { "fsa": "M6K" }, "geometry": { "type": "Polygon", "coordinates": [ [ [ -79.432048810435035, 43.651191197442657 ], [ -79.428510862885759, 43.642498827633261 ], [ -79.424944038391303, 43.641159283400711 ], [ -79.421410083961533, 43.640667684825758 ], [ -79.422392390634144, 43.64348599019592 ], [ -79.421785518440601, 43.643614288262413 ], [ -79.421095267079806, 43.64174489598166 ], [ -79.415494404092442, 43.642706311824568 ], [ -79.415007316292645, 43.641429995183152 ], [ -79.411953689339271, 43.642035900060492 ], [ -79.41043638609365, 43.6382941834052 ], [ -79.426866329700175, 43.63380308073755 ], [ -79.431551255437597, 43.633308669664856 ], [ -79.43659454672283, 43.63420047677613 ], [ -79.444046242723743, 43.637295976734826 ], [ -79.448211735309798, 43.638473006540913 ], [ -79.448414402132784, 43.638773089210453 ], [ -79.446701999333598, 43.638607698627311 ], [ -79.437910584563951, 43.640322694139428 ], [ -79.440360607353909, 43.646740000083753 ], [ -79.43913878910827, 43.646964304509432 ], [ -79.439100200183063, 43.647444208776271 ], [ -79.441238809406869, 43.648690761904881 ], [ -79.443964683918836, 43.650889011896005 ], [ -79.441013002221538, 43.6502784028362 ], [ -79.441174510469949, 43.651226013482329 ], [ -79.440177215206262, 43.651428504861904 ], [ -79.439989799782936, 43.651002704428315 ], [ -79.431673789532127, 43.652734697381987 ], [ -79.431136716807728, 43.651457801380431 ], [ -79.432048810435035, 43.651191197442657 ] ] ] } },
{ "type": "Feature", "properties": { "fsa": "M6L" }, "geometry": { "type": "Polygon", "coordinates": [ [ [ -79.477372914960398, 43.705584091879231 ], [ -79.478404189847538, 43.705048606411438 ], [ -79.481950299195461, 43.704204389589407 ], [ -79.483170501997051, 43.70404950410375 ], [ -79.483384913585141, 43.704898700447139 ], [ -79.485805692575781, 43.704381611546104 ], [ -79.485578399804837, 43.703550194863318 ], [ -79.486653802191057, 43.703231387523509 ], [ -79.486062691671066, 43.702061995005565 ], [ -79.48521080862561, 43.701393489234157 ], [ -79.486059397090031, 43.700711409923613 ], [ -79.485636783706326, 43.699751395354838 ], [ -79.484475306821182, 43.699885795592067 ], [ -79.484291609116383, 43.699499515856573 ], [ -79.486817481570782, 43.698924101262939 ], [ -79.487469744978227, 43.699692357203688 ], [ -79.488068205829094, 43.699556962479413 ], [ -79.488280589648525, 43.700722798609959 ], [ -79.489374088573399, 43.702150909751182 ], [ -79.492718288387096, 43.703905796546692 ], [ -79.495562484187971, 43.706302199445311 ], [ -79.499287991338633, 43.708710206511519 ], [ -79.505042893737041, 43.707362993009305 ], [ -79.507819883663302, 43.717748606828131 ], [ -79.501962183083094, 43.71842220184044 ], [ -79.490967505152554, 43.720366990558958 ], [ -79.472534262186258, 43.724868627280927 ], [ -79.469765261262069, 43.710861789942292 ], [ -79.477987107145665, 43.708779692669097 ], [ -79.477372914960398, 43.705584091879231 ] ] ] } },
{ "type": "Feature", "properties": { "fsa": "M6M" }, "geometry": { "type": "Polygon", "coordinates": [ [ [ -79.468057271833075, 43.703078779935048 ], [ -79.46540555395049, 43.693794681372161 ], [ -79.463066057506353, 43.689426987215292 ], [ -79.461261727115101, 43.683233385427179 ], [ -79.464395688837655, 43.682531703896238 ], [ -79.464979990540996, 43.683944208873356 ], [ -79.467088584062665, 43.683477297055788 ], [ -79.466529612034179, 43.682047202374832 ], [ -79.467563508744135, 43.681880902877666 ], [ -79.469140483018151, 43.682316309852183 ], [ -79.471589313404536, 43.682132901033135 ], [ -79.47042548582337, 43.679399222247504 ], [ -79.471896661240223, 43.679238578281712 ], [ -79.476601664695536, 43.682374775584194 ], [ -79.486718736213021, 43.687434979751067 ], [ -79.49065028650368, 43.686722109723384 ], [ -79.489785797156728, 43.684760894029004 ], [ -79.49101939962263, 43.684552110601594 ], [ -79.49195098838436, 43.683519892261089 ], [ -79.494054690261081, 43.682746306486173 ], [ -79.49545179249975, 43.681450209317084 ], [ -79.497730606597088, 43.681087991984619 ], [ -79.498813184127414, 43.684470096444535 ], [ -79.501789916219749, 43.683982390305957 ], [ -79.506227394795545, 43.684652795875671 ], [ -79.510248874870697, 43.684209600934658 ], [ -79.511127156781569, 43.6858209536299 ], [ -79.511493906385141, 43.687298748895742 ], [ -79.512624233402903, 43.688361667453073 ], [ -79.512707946342076, 43.689673655477506 ], [ -79.513335691604226, 43.691528140288206 ], [ -79.513263684966574, 43.693553653516013 ], [ -79.512862148643862, 43.694092003508018 ], [ -79.512087639355272, 43.693550984563245 ], [ -79.509482710431442, 43.693987201991966 ], [ -79.509066296045631, 43.693261495994314 ], [ -79.505609612234792, 43.694044709332189 ], [ -79.506375087471312, 43.694702985826261 ], [ -79.502997244795708, 43.695488398087257 ], [ -79.504472239464008, 43.696217914247548 ], [ -79.502071007572468, 43.696618488340995 ], [ -79.503828085764425, 43.702871903419343 ], [ -79.493987310423179, 43.704967291159804 ], [ -79.492718288387096, 43.703905796546692 ], [ -79.488997214187535, 43.701839794353361 ], [ -79.488280589648525, 43.700722798609959 ], [ -79.488068205829094, 43.699556962479413 ], [ -79.487469744978227, 43.699692357203688 ], [ -79.486817481570782, 43.698924101262939 ], [ -79.484291609116383, 43.699499515856573 ], [ -79.484475306821182, 43.699885795592067 ], [ -79.485636783706326, 43.699751395354838 ], [ -79.486059397090031, 43.700711409923613 ], [ -79.48521080862561, 43.701393489234157 ], [ -79.486062691671066, 43.702061995005565 ], [ -79.486653802191057, 43.703231387523509 ], [ -79.485578399804837, 43.703550194863318 ], [ -79.485805692575781, 43.704381611546104 ], [ -79.483384913585141, 43.704898700447139 ], [ -79.483170501997051, 43.70404950410375 ], [ -79.478266282495554, 43.705100802757784 ], [ -79.477372914960398, 43.705584091879231 ], [ -79.477987107145665, 43.708779692669097 ], [ -79.469765261262069, 43.710861789942292 ], [ -79.468057271833075, 43.703078779935048 ] ] ] } },
{ "type": "Feature", "properties": { "fsa": "M6N" }, "geometry": { "type": "Polygon", "coordinates": [ [ [ -79.486718736213021, 43.687434979751067 ], [ -79.476601664695536, 43.682374775584194 ], [ -79.471896661240223, 43.679238578281712 ], [ -79.47042548582337, 43.679399222247504 ], [ -79.471589313404536, 43.682132901033135 ], [ -79.469140483018151, 43.682316309852183 ], [ -79.467563508744135, 43.681880902877666 ], [ -79.466529612034179, 43.682047202374832 ], [ -79.467088584062665, 43.683477297055788 ], [ -79.464979990540996, 43.683944208873356 ], [ -79.464395688837655, 43.682531703896238 ], [ -79.461261727115101, 43.683233385427179 ], [ -79.455863950891029, 43.675008576493418 ], [ -79.45201114204275, 43.671870089958922 ], [ -79.450105459898381, 43.669416370911264 ], [ -79.44897265708677, 43.6672360946908 ], [ -79.473941446130496, 43.667275289968579 ], [ -79.506359770566903, 43.665392882063692 ], [ -79.509459360507051, 43.664592780689588 ], [ -79.51222132178961, 43.662619383333116 ], [ -79.512917010805211, 43.664624491696628 ], [ -79.513050250112016, 43.666631084823834 ], [ -79.511382288036927, 43.667943857192071 ], [ -79.511282358528163, 43.668372163310053 ], [ -79.512497559670521, 43.672653800597871 ], [ -79.512146119523052, 43.673401166248667 ], [ -79.512345973692291, 43.673843728212326 ], [ -79.51146081602424, 43.674771734928541 ], [ -79.509035166245027, 43.676142340318279 ], [ -79.507162351632402, 43.679391569531397 ], [ -79.50586983979106, 43.680128845657336 ], [ -79.505428753244161, 43.680726991644676 ], [ -79.505941713369452, 43.682282891569969 ], [ -79.508966906978671, 43.682461899009589 ], [ -79.509502812956541, 43.682838044825246 ], [ -79.510248874870697, 43.684209600934658 ], [ -79.506227394795545, 43.684652795875671 ], [ -79.501789916219749, 43.683982390305957 ], [ -79.498813184127414, 43.684470096444535 ], [ -79.497730606597088, 43.681087991984619 ], [ -79.496499714005836, 43.681141802913238 ], [ -79.495060997104275, 43.68169709458342 ], [ -79.494054690261081, 43.682746306486173 ], [ -79.49195098838436, 43.683519892261089 ], [ -79.49101939962263, 43.684552110601594 ], [ -79.489785797156728, 43.684760894029004 ], [ -79.49065028650368, 43.686722109723384 ], [ -79.486718736213021, 43.687434979751067 ] ] ] } },
{ "type": "Feature", "properties": { "fsa": "M6P" }, "geometry": { "type": "Polygon", "coordinates": [ [ [ -79.445188441353537, 43.657840367644731 ], [ -79.443985910839643, 43.658080307174188 ], [ -79.442299809107965, 43.653744410594086 ], [ -79.44113149919724, 43.653845492392584 ], [ -79.440177215206262, 43.651428504861904 ], [ -79.44124998642387, 43.651182008055578 ], [ -79.441013002221538, 43.6502784028362 ], [ -79.443964683918836, 43.650889011896005 ], [ -79.449822680967657, 43.656875742453437 ], [ -79.476294307320842, 43.651132398802488 ], [ -79.480000203819472, 43.660050612010551 ], [ -79.480712937715083, 43.660295810064028 ], [ -79.481351432415352, 43.661878040050198 ], [ -79.482472595691249, 43.664741640259372 ], [ -79.481931488330332, 43.665147888545476 ], [ -79.482600002375889, 43.666777860867313 ], [ -79.472965063909257, 43.667299475955801 ], [ -79.44897265708677, 43.6672360946908 ], [ -79.445188441353537, 43.657840367644731 ] ], [ [ -79.448784508482447, 43.657072404287973 ], [ -79.447258896740763, 43.65516600852834 ], [ -79.446332908738853, 43.655196406929832 ], [ -79.44808780845581, 43.657235592349821 ], [ -79.448784508482447, 43.657072404287973 ] ] ] } },
{ "type": "Feature", "properties": { "fsa": "M6R" }, "geometry": { "type": "MultiPolygon", "coordinates": [ [ [ [ -79.446901509030852, 43.638584198459988 ], [ -79.448414402132784, 43.638773089210453 ], [ -79.448211735309798, 43.638473006540913 ], [ -79.453784223131706, 43.639207957076408 ], [ -79.460033088967862, 43.654705104193724 ], [ -79.449822680967657, 43.656875742453437 ], [ -79.443162765894385, 43.650168070036791 ], [ -79.439100200183063, 43.647444208776271 ], [ -79.43913878910827, 43.646964304509432 ], [ -79.440360607353909, 43.646740000083753 ], [ -79.437910584563951, 43.640322694139428 ], [ -79.446901509030852, 43.638584198459988 ] ] ], [ [ [ -79.447125297330317, 43.655124710134537 ], [ -79.448585010696675, 43.656556895299978 ], [ -79.448784508482447, 43.657072404287973 ], [ -79.44808780845581, 43.657235592349821 ], [ -79.446332908738853, 43.655196406929832 ], [ -79.447125297330317, 43.655124710134537 ] ] ] ] } },
{ "type": "Feature", "properties": { "fsa": "M6S" }, "geometry": { "type": "MultiPolygon", "coordinates": [ [ [ [ -79.467297047443395, 43.633374397027993 ], [ -79.470400159155659, 43.631843899994799 ], [ -79.470486549005855, 43.631940989377419 ], [ -79.467297047443395, 43.633374397027993 ] ] ], [ [ [ -79.426972731933319, 43.628924899790071 ], [ -79.427216956452071, 43.628997306955057 ], [ -79.426662032218701, 43.628908521083176 ], [ -79.426972731933319, 43.628924899790071 ] ] ], [ [ [ -79.463896866499837, 43.634810390034701 ], [ -79.46713663488913, 43.633441393727885 ], [ -79.46722654613751, 43.633548589092257 ], [ -79.463896866499837, 43.634810390034701 ] ] ], [ [ [ -79.437812147207381, 43.631600603647932 ], [ -79.433833937100431, 43.630139101802961 ], [ -79.427572860373786, 43.629032293693641 ], [ -79.42732293593393, 43.628814901489356 ], [ -79.433808461756314, 43.630094899146989 ], [ -79.435884839462759, 43.630789100485174 ], [ -79.437812147207381, 43.631600603647932 ] ] ], [ [ [ -79.439681950131188, 43.632538408986349 ], [ -79.437968642447402, 43.631518300402504 ], [ -79.439768262386409, 43.632438105885491 ], [ -79.439681950131188, 43.632538408986349 ] ] ], [ [ [ -79.460261755758765, 43.635916899492862 ], [ -79.46373064579727, 43.634870586530695 ], [ -79.46379555690396, 43.634983797252531 ], [ -79.460261755758765, 43.635916899492862 ] ] ], [ [ [ -79.441724533559537, 43.633269693806795 ], [ -79.440029147331515, 43.632685489531319 ], [ -79.440112353684981, 43.632582487513183 ], [ -79.441724533559537, 43.633269693806795 ] ] ], [ [ [ -79.442585355160347, 43.633642288644644 ], [ -79.441989248624139, 43.633521306201466 ], [ -79.442072449572308, 43.633417405797793 ], [ -79.442585355160347, 43.633642288644644 ] ] ], [ [ [ -79.442954841772277, 43.633833199759422 ], [ -79.442844131579037, 43.633746399618715 ], [ -79.442977852869006, 43.633805897825887 ], [ -79.442954841772277, 43.633833199759422 ] ] ], [ [ [ -79.458007237709779, 43.636253505193345 ], [ -79.457595643742295, 43.63623330821121 ], [ -79.458009845815099, 43.636218793442261 ], [ -79.458007237709779, 43.636253505193345 ] ] ], [ [ [ -79.458033366198762, 43.636215489549848 ], [ -79.459873050369993, 43.635987187075521 ], [ -79.459898254181525, 43.636106707099493 ], [ -79.458033366198762, 43.636215489549848 ] ] ], [ [ [ -79.457277652217101, 43.636376100959339 ], [ -79.45464516918031, 43.636342089725744 ], [ -79.454605138054717, 43.636305197799977 ], [ -79.457275641643307, 43.636254891875247 ], [ -79.457277652217101, 43.636376100959339 ] ] ], [ [ [ -79.447750057495739, 43.635534989626038 ], [ -79.445553362277238, 43.635042306767026 ], [ -79.443213433362487, 43.633945498088259 ], [ -79.447750057495739, 43.635534989626038 ] ] ], [ [ [ -79.454440448441389, 43.636438408307882 ], [ -79.450342543466945, 43.635970795780217 ], [ -79.454445938679285, 43.636322292766685 ], [ -79.454440448441389, 43.636438408307882 ] ] ], [ [ [ -79.449949654965877, 43.635919799285766 ], [ -79.448095842999123, 43.635738389626511 ], [ -79.448133848303186, 43.635619904963633 ], [ -79.449949654965877, 43.635919799285766 ] ] ], [ [ [ -79.480000203819472, 43.660050612010551 ], [ -79.476294307320842, 43.651132398802488 ], [ -79.460033088967862, 43.654705104193724 ], [ -79.453784223131706, 43.639207957076408 ], [ -79.449978145864222, 43.638800983548094 ], [ -79.445965961616366, 43.637922573880722 ], [ -79.435657266043549, 43.633911977917819 ], [ -79.432241127087366, 43.633342887718683 ], [ -79.428891700496862, 43.633462119257359 ], [ -79.427025008762882, 43.629706923161045 ], [ -79.43364846174056, 43.63086800343163 ], [ -79.439212440863557, 43.633124991234247 ], [ -79.439464745466807, 43.633257998621751 ], [ -79.439302951005189, 43.633603507281819 ], [ -79.439636748697495, 43.633312896197161 ], [ -79.439348731767979, 43.63363140666042 ], [ -79.439765763408758, 43.633860390455943 ], [ -79.44006495389435, 43.633560094131312 ], [ -79.439993357793384, 43.634224299363943 ], [ -79.44097633961708, 43.634781897098875 ], [ -79.442200353198942, 43.634991585348345 ], [ -79.443202345815678, 43.634695608199877 ], [ -79.446809247663438, 43.636342007894974 ], [ -79.447805944953629, 43.636526889949252 ], [ -79.449080063929614, 43.636174701201512 ], [ -79.44977644612915, 43.636538799353971 ], [ -79.452147360557333, 43.636652099381365 ], [ -79.45514933620845, 43.637473890900417 ], [ -79.455537747154978, 43.637177397426434 ], [ -79.457612130911599, 43.637208004299218 ], [ -79.458660257483643, 43.636747395511932 ], [ -79.460311056443985, 43.636733992704485 ], [ -79.461705557870104, 43.636341197519208 ], [ -79.462657154524294, 43.635675689910713 ], [ -79.464001452695697, 43.635670201950447 ], [ -79.466197642893448, 43.634466492407284 ], [ -79.467878852226136, 43.634093985990518 ], [ -79.469321443927655, 43.632721997278345 ], [ -79.47077954218075, 43.631948604208176 ], [ -79.47253426827686, 43.632535061386989 ], [ -79.474459252957715, 43.633534873630708 ], [ -79.475717343067657, 43.634671168493782 ], [ -79.477337874592138, 43.637899318384932 ], [ -79.478388297783624, 43.63831173300288 ], [ -79.482266805762791, 43.63799407479901 ], [ -79.48470482408483, 43.638400973037463 ], [ -79.485085917920401, 43.639404947687169 ], [ -79.485016910769744, 43.641772196434573 ], [ -79.485314907847737, 43.642077238809534 ], [ -79.486839219021704, 43.641969708864806 ], [ -79.488941203084863, 43.641263460520157 ], [ -79.489876335427766, 43.641499024636339 ], [ -79.490575885290141, 43.643340732345457 ], [ -79.492619323325187, 43.645768365291488 ], [ -79.492759643616083, 43.647339126168291 ], [ -79.490661543370138, 43.650234326114266 ], [ -79.490875707941925, 43.650971967435467 ], [ -79.492303377995924, 43.652191425363966 ], [ -79.497448981277529, 43.651995128777749 ], [ -79.50148156492925, 43.65239666148026 ], [ -79.502518923427431, 43.652890856961697 ], [ -79.502941366821162, 43.653557396231712 ], [ -79.502748731908198, 43.654767534035358 ], [ -79.501679099560448, 43.656036391626074 ], [ -79.499727301722345, 43.657372704245269 ], [ -79.49937684181856, 43.658399186352717 ], [ -79.499521977243987, 43.658996529173386 ], [ -79.505931729563855, 43.663023931493086 ], [ -79.506876974889138, 43.663019564124347 ], [ -79.510045226190584, 43.66191748819061 ], [ -79.510815585652821, 43.661920448138311 ], [ -79.51222132178961, 43.662619383333116 ], [ -79.509737680636121, 43.664457491834099 ], [ -79.506770463490184, 43.66534998499511 ], [ -79.482600002375889, 43.666777860867313 ], [ -79.481931488330332, 43.665147888545476 ], [ -79.482472595691249, 43.664741640259372 ], [ -79.480712937715083, 43.660295810064028 ], [ -79.480000203819472, 43.660050612010551 ] ] ] ] } },
{ "type": "Feature", "properties": { "fsa": "M8V" }, "geometry": { "type": "MultiPolygon", "coordinates": [ [ [ [ -79.474867261290271, 43.623463197248739 ], [ -79.47467066264754, 43.623626111728541 ], [ -79.474276831014024, 43.623754304382828 ], [ -79.474512141577449, 43.623504385476551 ], [ -79.474867261290271, 43.623463197248739 ] ] ], [ [ [ -79.476408854247694, 43.624338897422255 ], [ -79.475903352955982, 43.624101910119158 ], [ -79.475929354292219, 43.624017202611384 ], [ -79.476408854247694, 43.624338897422255 ] ] ], [ [ [ -79.476105651383904, 43.62483919987659 ], [ -79.476393132303883, 43.624561107641988 ], [ -79.476210340488223, 43.624987700904434 ], [ -79.476105651383904, 43.62483919987659 ] ] ], [ [ [ -79.476137146767726, 43.625787888447711 ], [ -79.475924753922754, 43.625339991172289 ], [ -79.47609266217205, 43.625301390022585 ], [ -79.476137146767726, 43.625787888447711 ] ] ], [ [ [ -79.471184253577036, 43.630602202332256 ], [ -79.472073865573535, 43.630642993198542 ], [ -79.472558937117995, 43.629701586672454 ], [ -79.473203448583988, 43.62941778776478 ], [ -79.473705942603033, 43.629660193797179 ], [ -79.474238455629447, 43.62924008933318 ], [ -79.474115364415795, 43.628996695793553 ], [ -79.474411336781031, 43.629138893096794 ], [ -79.474779858662913, 43.628854396282293 ], [ -79.47500844967486, 43.628388988591489 ], [ -79.474746063438602, 43.628301608869862 ], [ -79.475358643743533, 43.628090093782625 ], [ -79.475618743886287, 43.62738129672428 ], [ -79.475388246209391, 43.627097691792244 ], [ -79.475782651334001, 43.627062407528122 ], [ -79.476418962740325, 43.625457395133786 ], [ -79.476552445695873, 43.624146503522894 ], [ -79.476836844516626, 43.623876491020106 ], [ -79.476564257216978, 43.623466594249507 ], [ -79.477741762916182, 43.623531590480795 ], [ -79.478889360657703, 43.622104686619423 ], [ -79.47756573125605, 43.622327200431847 ], [ -79.476422849893311, 43.623458097668298 ], [ -79.474995531231357, 43.623490105009559 ], [ -79.475346657867348, 43.623290486529534 ], [ -79.475266742742107, 43.622994000441054 ], [ -79.473975543440588, 43.622588487720478 ], [ -79.473371335599111, 43.623194706817067 ], [ -79.473434044069222, 43.623628009490211 ], [ -79.474233447241161, 43.62384800924918 ], [ -79.473797455748866, 43.624241602683234 ], [ -79.472961655905706, 43.623430499463566 ], [ -79.472371258423109, 43.623511003775675 ], [ -79.471620738376373, 43.624355201488243 ], [ -79.471974639934771, 43.625413691554414 ], [ -79.471385840988589, 43.625108999361508 ], [ -79.470372159355577, 43.625195001029596 ], [ -79.469997065932233, 43.623792691290781 ], [ -79.469189648453252, 43.62257109698367 ], [ -79.473002056733691, 43.622289507905791 ], [ -79.47477043358866, 43.620423303427053 ], [ -79.474828564991768, 43.619906489498156 ], [ -79.474324038975254, 43.619093102824166 ], [ -79.474849042106982, 43.61873728425978 ], [ -79.47530375240656, 43.618899089066282 ], [ -79.475710042744169, 43.619769597417566 ], [ -79.477209455357553, 43.620220692744887 ], [ -79.477035433652162, 43.620933097721448 ], [ -79.477584749036723, 43.62162770797017 ], [ -79.479989546754567, 43.621533486784948 ], [ -79.479099939946906, 43.621188794464061 ], [ -79.479417844582784, 43.621045100884359 ], [ -79.481152459734375, 43.621792406572361 ], [ -79.481355237081388, 43.621583901018901 ], [ -79.480878351650333, 43.62125790490385 ], [ -79.481147162593672, 43.621327201610335 ], [ -79.481158139951376, 43.621065296241071 ], [ -79.481475960463229, 43.621397006073494 ], [ -79.481479936009507, 43.620771390607828 ], [ -79.480846463587909, 43.620762995901224 ], [ -79.480589638997245, 43.621068998161611 ], [ -79.480959459224863, 43.62120240886734 ], [ -79.480190331598166, 43.621044203195744 ], [ -79.479418656582141, 43.62028569078295 ], [ -79.477270347245721, 43.619672599389041 ], [ -79.47653236334213, 43.619126301268672 ], [ -79.476659137633078, 43.618593206250836 ], [ -79.477371233587405, 43.618335199873492 ], [ -79.4783636463644, 43.619152593099159 ], [ -79.478822134404737, 43.618653500884157 ], [ -79.47846515157255, 43.617996987076232 ], [ -79.4773111671268, 43.617348499274087 ], [ -79.475918539242755, 43.618192404124414 ], [ -79.474934232397828, 43.617775899637259 ], [ -79.475859558400188, 43.617387399725686 ], [ -79.477162134408147, 43.615808795952283 ], [ -79.477544745656644, 43.61497948934521 ], [ -79.476977165162623, 43.614403299939404 ], [ -79.47728964165907, 43.614214094347957 ], [ -79.478337563652488, 43.614464290002545 ], [ -79.478711255260649, 43.614190588426027 ], [ -79.479339932420913, 43.613083496078801 ], [ -79.478859858707992, 43.612310308348761 ], [ -79.479052940198812, 43.611983705288978 ], [ -79.479725053674258, 43.612086198159304 ], [ -79.48082174995254, 43.613477493430828 ], [ -79.48247655519738, 43.613178410815422 ], [ -79.48272815319892, 43.612467302413712 ], [ -79.483136833897518, 43.612399407361288 ], [ -79.484176349151838, 43.613195394497225 ], [ -79.483366243134867, 43.614753708041086 ], [ -79.483108450024289, 43.614780588621777 ], [ -79.483055548610778, 43.614263395842073 ], [ -79.482649753305168, 43.614030600751619 ], [ -79.480499564591639, 43.614053599439004 ], [ -79.480080444315305, 43.615474393447798 ], [ -79.480596866241768, 43.615578998532236 ], [ -79.480444552224625, 43.616236206844519 ], [ -79.480063757430386, 43.616190595108471 ], [ -79.478831333624626, 43.617151494866235 ], [ -79.480561040451846, 43.618411888797638 ], [ -79.481327437079997, 43.617864206256883 ], [ -79.481664735702935, 43.618124986623577 ], [ -79.481214744633192, 43.61855698604716 ], [ -79.481610733121045, 43.618758701683056 ], [ -79.484371044595804, 43.617931198619253 ], [ -79.485209260250869, 43.61682961050235 ], [ -79.485388133442441, 43.615728793788733 ], [ -79.486250558457371, 43.613923189842289 ], [ -79.487185843495453, 43.613732302208767 ], [ -79.487712046445608, 43.613095698173751 ], [ -79.487161962478751, 43.61260761020354 ], [ -79.487372856377775, 43.611968888311075 ], [ -79.486540055842994, 43.610874286659545 ], [ -79.486815954987392, 43.610745397285982 ], [ -79.486617068622124, 43.609768588391553 ], [ -79.48716935781809, 43.608508991389769 ], [ -79.48843374145622, 43.606788487281136 ], [ -79.489003262859256, 43.606541205009577 ], [ -79.489876567689578, 43.605101888756643 ], [ -79.492420961446456, 43.602719294127937 ], [ -79.492592632444683, 43.602148597966917 ], [ -79.494689641493068, 43.602242008396843 ], [ -79.496325932649995, 43.601806806536452 ], [ -79.498168148289466, 43.599824902664793 ], [ -79.497835542841997, 43.598601492918405 ], [ -79.498328742811964, 43.597825803508115 ], [ -79.498894065300618, 43.597953993409973 ], [ -79.499493035391467, 43.597646600675176 ], [ -79.500290241765128, 43.596197599768686 ], [ -79.500399346997028, 43.595388489556818 ], [ -79.501047152374525, 43.594869094575827 ], [ -79.503315336673253, 43.59430500298658 ], [ -79.504920546374393, 43.59425979659563 ], [ -79.505949566036278, 43.593450599031357 ], [ -79.50663943264999, 43.594196796696892 ], [ -79.510679660663371, 43.593645689200535 ], [ -79.510589956263928, 43.593006409358289 ], [ -79.509701760703649, 43.59273931064849 ], [ -79.510586457687467, 43.592652391808336 ], [ -79.509625646137039, 43.592428502269371 ], [ -79.510309956784141, 43.592387501700259 ], [ -79.510916732780188, 43.591162406415386 ], [ -79.508654043757431, 43.590388889439012 ], [ -79.509603356683684, 43.590057791146521 ], [ -79.510359538101568, 43.589044588005407 ], [ -79.510140137545235, 43.58885839270922 ], [ -79.510292668413868, 43.587977487895003 ], [ -79.509253164192287, 43.587631103304687 ], [ -79.509345759668975, 43.587232997679514 ], [ -79.514197054478757, 43.58707899491047 ], [ -79.517296251457523, 43.588450496092619 ], [ -79.514658552729088, 43.587617401186861 ], [ -79.513548252780097, 43.587994309347067 ], [ -79.513366843203343, 43.58764559024835 ], [ -79.513399338876809, 43.587975883946854 ], [ -79.513219463367662, 43.587709806094303 ], [ -79.512515561912451, 43.587820104828339 ], [ -79.513145560829685, 43.587640607876253 ], [ -79.512182842616042, 43.587833900100385 ], [ -79.512048134618297, 43.588232303574237 ], [ -79.511593361806121, 43.588264688846529 ], [ -79.511528246015217, 43.58838018901055 ], [ -79.512113942465646, 43.588302801385957 ], [ -79.512168640564241, 43.58790380378948 ], [ -79.512369458030861, 43.587855799869089 ], [ -79.512253167468415, 43.588304494789647 ], [ -79.511331450911882, 43.588533599205029 ], [ -79.511057544675324, 43.588915603745313 ], [ -79.511692739726939, 43.590311395900095 ], [ -79.513045648257403, 43.590652489946237 ], [ -79.515078742510426, 43.590028093264337 ], [ -79.515763543427184, 43.590813708007296 ], [ -79.515682945929285, 43.58947999596397 ], [ -79.515070754767649, 43.589408806648159 ], [ -79.514910456059297, 43.589010488135848 ], [ -79.516167648996429, 43.589128597871216 ], [ -79.516491834532175, 43.588897892810294 ], [ -79.516215330806531, 43.589595105596324 ], [ -79.51712086561345, 43.59051959465959 ], [ -79.518946145244414, 43.590631693961846 ], [ -79.5192325132044, 43.591181090119441 ], [ -79.52387780871824, 43.590682900628252 ], [ -79.524453294342834, 43.59196890384586 ], [ -79.525261688417956, 43.592348511027495 ], [ -79.523666400987608, 43.592742090742782 ], [ -79.523590600551941, 43.593308395628569 ], [ -79.52411389602689, 43.593693310471643 ], [ -79.524177683265592, 43.594630502333374 ], [ -79.522863596735931, 43.594847088051743 ], [ -79.52368139389452, 43.596686009673547 ], [ -79.52440388886022, 43.596524305351217 ], [ -79.525859294484519, 43.599838511082275 ], [ -79.523840211657259, 43.600325706618463 ], [ -79.524197902792807, 43.601134193995975 ], [ -79.526223213634637, 43.600662608143331 ], [ -79.526392736917771, 43.601433801425507 ], [ -79.500510679412784, 43.61438486305655 ], [ -79.494991275555989, 43.617858874732043 ], [ -79.486950712797565, 43.623931495189815 ], [ -79.487149556397839, 43.624128643804454 ], [ -79.486638618716654, 43.624556537662784 ], [ -79.488810041456546, 43.623890756269454 ], [ -79.488837642696168, 43.624180572864937 ], [ -79.492526503398224, 43.623354391975447 ], [ -79.493176989072154, 43.624800091332993 ], [ -79.482238342309984, 43.627484090301728 ], [ -79.474276228866955, 43.633415673148342 ], [ -79.470858739594334, 43.631947317475621 ], [ -79.471472963543206, 43.631465796755926 ], [ -79.470762639320142, 43.630917796984093 ], [ -79.471184253577036, 43.630602202332256 ] ] ] ] } },
{ "type": "Feature", "properties": { "fsa": "M8W" }, "geometry": { "type": "Polygon", "coordinates": [ [ [ -79.525565373788012, 43.602431877061846 ], [ -79.527787364, 43.600744855908644 ], [ -79.526392736917771, 43.601433801425507 ], [ -79.526223213634637, 43.600662608143331 ], [ -79.524197902792807, 43.601134193995975 ], [ -79.523840211657259, 43.600325706618463 ], [ -79.525859294484519, 43.599838511082275 ], [ -79.52440388886022, 43.596524305351217 ], [ -79.52368139389452, 43.596686009673547 ], [ -79.522863596735931, 43.594847088051743 ], [ -79.524177683265592, 43.594630502333374 ], [ -79.52411389602689, 43.593693310471643 ], [ -79.523590600551941, 43.593308395628569 ], [ -79.523666400987608, 43.592742090742782 ], [ -79.525261688417956, 43.592348511027495 ], [ -79.524453294342834, 43.59196890384586 ], [ -79.52387780871824, 43.590682900628252 ], [ -79.5192325132044, 43.591181090119441 ], [ -79.518946145244414, 43.590631693961846 ], [ -79.519881861918932, 43.590236900674071 ], [ -79.527553457623611, 43.589641801301234 ], [ -79.528625753339085, 43.589086809956584 ], [ -79.529791941016285, 43.587946084363146 ], [ -79.530722064878276, 43.58791450485873 ], [ -79.530896151925432, 43.58821940593841 ], [ -79.530594465755556, 43.588467203523201 ], [ -79.531041853363433, 43.588605793338111 ], [ -79.533440355588084, 43.588179504768689 ], [ -79.533987052039095, 43.587874405165792 ], [ -79.533917435918568, 43.587554496708456 ], [ -79.534217155078608, 43.587998591493609 ], [ -79.536086259678797, 43.588211699192208 ], [ -79.537517457338282, 43.587863308439083 ], [ -79.539978066505256, 43.586102289128142 ], [ -79.541085934311141, 43.584885607248502 ], [ -79.540783165097125, 43.584583791305981 ], [ -79.541503441665967, 43.584553991962188 ], [ -79.543409359601924, 43.58133948981137 ], [ -79.541114862895412, 43.581617289732506 ], [ -79.537911837002824, 43.579201096965924 ], [ -79.54322546081049, 43.581229287295116 ], [ -79.543344506505349, 43.580944908289013 ], [ -79.543866289676785, 43.581394302492441 ], [ -79.544461110362903, 43.585445792875809 ], [ -79.547848584217419, 43.587308399223105 ], [ -79.546430744141432, 43.588877514325624 ], [ -79.549378231461475, 43.59061643726271 ], [ -79.549615790943406, 43.592134503097512 ], [ -79.548774617528551, 43.593337444127023 ], [ -79.548694157611692, 43.594881339386667 ], [ -79.549025136655914, 43.595228252856231 ], [ -79.552843361465165, 43.595427503872585 ], [ -79.553790603775795, 43.595855551186318 ], [ -79.553929004100368, 43.596705205259553 ], [ -79.553505638924918, 43.598111902504336 ], [ -79.553826643636, 43.598805507855921 ], [ -79.555827802180502, 43.599721647624285 ], [ -79.556373383278682, 43.602630948164702 ], [ -79.558301462939681, 43.60365698686207 ], [ -79.558764841314016, 43.604351052550577 ], [ -79.559801873575665, 43.60502030768999 ], [ -79.552129384838679, 43.611912098111155 ], [ -79.548981289701032, 43.613733693102134 ], [ -79.546748008652429, 43.614371204688219 ], [ -79.538671718777024, 43.615485993015511 ], [ -79.530207521619829, 43.617151504728739 ], [ -79.525021968386667, 43.604687271931489 ], [ -79.525072360477807, 43.603509677424292 ], [ -79.525565373788012, 43.602431877061846 ] ] ] } },
{ "type": "Feature", "properties": { "fsa": "M8X" }, "geometry": { "type": "Polygon", "coordinates": [ [ [ -79.50148156492925, 43.65239666148026 ], [ -79.497448981277529, 43.651995128777749 ], [ -79.492303377995924, 43.652191425363966 ], [ -79.491558080249206, 43.651678768120107 ], [ -79.490875707941925, 43.650971967435467 ], [ -79.490661543370138, 43.650234326114266 ], [ -79.492759643616083, 43.647339126168291 ], [ -79.492619323325187, 43.645768365291488 ], [ -79.492022745447983, 43.645247615491463 ], [ -79.500067202407806, 43.643568294037465 ], [ -79.49969199590808, 43.642726110465034 ], [ -79.502670683840421, 43.642080796100252 ], [ -79.505444115488089, 43.648685206040767 ], [ -79.523353590912649, 43.644660604677064 ], [ -79.526187618495598, 43.650898214084883 ], [ -79.522411135427475, 43.648254584928118 ], [ -79.52067153666917, 43.649926068471828 ], [ -79.519637906144141, 43.649396898606547 ], [ -79.519015287411122, 43.650010085751894 ], [ -79.517580699001087, 43.650360700547267 ], [ -79.518508202761296, 43.652479593813844 ], [ -79.517384500044216, 43.655310300336687 ], [ -79.515101998770447, 43.655838891676943 ], [ -79.516295197272598, 43.658298502765689 ], [ -79.505557240749255, 43.662777465931107 ], [ -79.499521977243987, 43.658996529173386 ], [ -79.49937684181856, 43.658399186352717 ], [ -79.499727301722345, 43.657372704245269 ], [ -79.501679099560448, 43.656036391626074 ], [ -79.502558848139003, 43.655141956240548 ], [ -79.502939572240109, 43.654243725312568 ], [ -79.502941366821162, 43.653557396231712 ], [ -79.502518923427431, 43.652890856961697 ], [ -79.50148156492925, 43.65239666148026 ] ] ] } },
{ "type": "Feature", "properties": { "fsa": "M8Y" }, "geometry": { "type": "Polygon", "coordinates": [ [ [ -79.502741012646467, 43.642243795081988 ], [ -79.49969199590808, 43.642726110465034 ], [ -79.500067202407806, 43.643568294037465 ], [ -79.492022745447983, 43.645247615491463 ], [ -79.490575885290141, 43.643340732345457 ], [ -79.489876335427766, 43.641499024636339 ], [ -79.488941203084863, 43.641263460520157 ], [ -79.486839219021704, 43.641969708864806 ], [ -79.485314907847737, 43.642077238809534 ], [ -79.485016910769744, 43.641772196434573 ], [ -79.485085917920401, 43.639404947687169 ], [ -79.48470482408483, 43.638400973037463 ], [ -79.482266805762791, 43.63799407479901 ], [ -79.478388297783624, 43.63831173300288 ], [ -79.477337874592138, 43.637899318384932 ], [ -79.475717343067657, 43.634671168493782 ], [ -79.474276228866955, 43.633415673148342 ], [ -79.482238342309984, 43.627484090301728 ], [ -79.493176989072154, 43.624800091332993 ], [ -79.492526503398224, 43.623354391975447 ], [ -79.488837642696168, 43.624180572864937 ], [ -79.488810041456546, 43.623890756269454 ], [ -79.486638618716654, 43.624556537662784 ], [ -79.487149556397839, 43.624128643804454 ], [ -79.486950712797565, 43.623931495189815 ], [ -79.494991275555989, 43.617858874732043 ], [ -79.502603841524973, 43.613258218416441 ], [ -79.503123809057882, 43.614840790930145 ], [ -79.500693892881927, 43.615376210750064 ], [ -79.501723414054567, 43.617838808610038 ], [ -79.499293886484807, 43.618374201124865 ], [ -79.501177371794228, 43.6233123917998 ], [ -79.500319585291464, 43.623456896311986 ], [ -79.500797794985019, 43.624660707565575 ], [ -79.49978891606267, 43.624881597597472 ], [ -79.500533916930962, 43.626800100384635 ], [ -79.503475916201594, 43.626127398094376 ], [ -79.503720511698205, 43.626760899381424 ], [ -79.505077400656461, 43.627525909252199 ], [ -79.504666198994002, 43.628610003719722 ], [ -79.505338803724769, 43.628979002426306 ], [ -79.505982703338162, 43.630509096898876 ], [ -79.504463289478721, 43.630795296826818 ], [ -79.507038212829897, 43.636942710389221 ], [ -79.508500884825878, 43.638951706513765 ], [ -79.508914464696247, 43.64132918755972 ], [ -79.507803980652255, 43.640923106877153 ], [ -79.508245115205739, 43.639385691301335 ], [ -79.507763083100187, 43.638324040909033 ], [ -79.506234300148606, 43.639867505022572 ], [ -79.507067402849046, 43.640769705999539 ], [ -79.508538605470406, 43.643445111914339 ], [ -79.510233400292577, 43.647609012560231 ], [ -79.505444115488089, 43.648685206040767 ], [ -79.502741012646467, 43.642243795081988 ] ] ] } },
{ "type": "Feature", "properties": { "fsa": "M8Z" }, "geometry": { "type": "Polygon", "coordinates": [ [ [ -79.510233400292577, 43.647609012560231 ], [ -79.508538605470406, 43.643445111914339 ], [ -79.507067402849046, 43.640769705999539 ], [ -79.506234300148606, 43.639867505022572 ], [ -79.507763083100187, 43.638324040909033 ], [ -79.508245115205739, 43.639385691301335 ], [ -79.507803980652255, 43.640923106877153 ], [ -79.508914464696247, 43.64132918755972 ], [ -79.508500884825878, 43.638951706513765 ], [ -79.507038212829897, 43.636942710389221 ], [ -79.504463289478721, 43.630795296826818 ], [ -79.505982703338162, 43.630509096898876 ], [ -79.505338803724769, 43.628979002426306 ], [ -79.504666198994002, 43.628610003719722 ], [ -79.505077400656461, 43.627525909252199 ], [ -79.503720511698205, 43.626760899381424 ], [ -79.503475916201594, 43.626127398094376 ], [ -79.500533916930962, 43.626800100384635 ], [ -79.49978891606267, 43.624881597597472 ], [ -79.500797794985019, 43.624660707565575 ], [ -79.500319585291464, 43.623456896311986 ], [ -79.501177371794228, 43.6233123917998 ], [ -79.499293886484807, 43.618374201124865 ], [ -79.501723414054567, 43.617838808610038 ], [ -79.500693892881927, 43.615376210750064 ], [ -79.503123809057882, 43.614840790930145 ], [ -79.502603841524973, 43.613258218416441 ], [ -79.527787364, 43.600744855908644 ], [ -79.525565373788012, 43.602431877061846 ], [ -79.525072360477807, 43.603509677424292 ], [ -79.525021968386667, 43.604687271931489 ], [ -79.530207521619829, 43.617151504728739 ], [ -79.525623036592634, 43.618024100538022 ], [ -79.526056215844207, 43.619676803217075 ], [ -79.535214885349859, 43.64144799506898 ], [ -79.531457193565274, 43.642878101663889 ], [ -79.510233400292577, 43.647609012560231 ] ] ] } },
{ "type": "Feature", "properties": { "fsa": "M9A" }, "geometry": { "type": "Polygon", "coordinates": [ [ [ -79.51222132178961, 43.662619383333116 ], [ -79.510045226190584, 43.66191748819061 ], [ -79.506876974889138, 43.663019564124347 ], [ -79.505557240749255, 43.662777465931107 ], [ -79.516295197272598, 43.658298502765689 ], [ -79.515101998770447, 43.655838891676943 ], [ -79.517384500044216, 43.655310300336687 ], [ -79.518508202761296, 43.652479593813844 ], [ -79.517580699001087, 43.650360700547267 ], [ -79.519015287411122, 43.650010085751894 ], [ -79.519637906144141, 43.649396898606547 ], [ -79.52067153666917, 43.649926068471828 ], [ -79.522411135427475, 43.648254584928118 ], [ -79.526187618495598, 43.650898214084883 ], [ -79.523353590912649, 43.644660604677064 ], [ -79.532730005981193, 43.642549690940264 ], [ -79.535214885349859, 43.64144799506898 ], [ -79.550892807840711, 43.677193309104382 ], [ -79.520704794706731, 43.683374508970616 ], [ -79.519633294691673, 43.683899797012046 ], [ -79.512471905992953, 43.685508505026313 ], [ -79.507379562745058, 43.678734729598652 ], [ -79.509035166245027, 43.676142340318279 ], [ -79.51146081602424, 43.674771734928541 ], [ -79.512345973692291, 43.673843728212326 ], [ -79.512146119523052, 43.673401166248667 ], [ -79.512497559670521, 43.672653800597871 ], [ -79.511282358528163, 43.668372163310053 ], [ -79.511382288036927, 43.667943857192071 ], [ -79.513050250112016, 43.666631084823834 ], [ -79.513102666963022, 43.665770217129754 ], [ -79.51222132178961, 43.662619383333116 ] ] ] } },
{ "type": "Feature", "properties": { "fsa": "M9B" }, "geometry": { "type": "Polygon", "coordinates": [ [ [ -79.550892807840711, 43.677193309104382 ], [ -79.534337908544529, 43.639457006470231 ], [ -79.526056215844207, 43.619676803217075 ], [ -79.525623036592634, 43.618024100538022 ], [ -79.538671718777024, 43.615485993015511 ], [ -79.545213495318791, 43.614623413097476 ], [ -79.546812683290497, 43.617481906988289 ], [ -79.549179812153028, 43.619917990156665 ], [ -79.549859084467883, 43.621728195637694 ], [ -79.549585393361482, 43.624587902713742 ], [ -79.551955204604212, 43.629977395838978 ], [ -79.556813165673958, 43.62865912373347 ], [ -79.562234710378348, 43.643438206068694 ], [ -79.569689895119581, 43.659065190417081 ], [ -79.573647909716826, 43.669155107614635 ], [ -79.573064914658076, 43.671538408697153 ], [ -79.573566303541639, 43.673298709281759 ], [ -79.561291684488808, 43.67478710969224 ], [ -79.550892807840711, 43.677193309104382 ] ] ] } },
{ "type": "Feature", "properties": { "fsa": "M9C" }, "geometry": { "type": "Polygon", "coordinates": [ [ [ -79.561129007659233, 43.64071140893904 ], [ -79.556813165673958, 43.62865912373347 ], [ -79.551955204604212, 43.629977395838978 ], [ -79.549585393361482, 43.624587902713742 ], [ -79.549859084467883, 43.621728195637694 ], [ -79.549179812153028, 43.619917990156665 ], [ -79.546812683290497, 43.617481906988289 ], [ -79.545213495318791, 43.614623413097476 ], [ -79.548162802963887, 43.614006109150836 ], [ -79.551091399437524, 43.612684201094204 ], [ -79.559801873575665, 43.60502030768999 ], [ -79.562688293678704, 43.606821374098224 ], [ -79.563973155023746, 43.606842720139397 ], [ -79.56483976152478, 43.607216889861505 ], [ -79.564646750606357, 43.608150035930869 ], [ -79.564867592720603, 43.608446981615643 ], [ -79.565451990999534, 43.608669709449977 ], [ -79.56590120334802, 43.608346103137102 ], [ -79.566748292070926, 43.608724916749338 ], [ -79.567397270207735, 43.609577788178164 ], [ -79.567295640749279, 43.610714796787541 ], [ -79.563920137813668, 43.612669689359443 ], [ -79.564851842239946, 43.613322989905811 ], [ -79.567635143788905, 43.613691793905438 ], [ -79.568493641742478, 43.614376201402287 ], [ -79.567949040460547, 43.616794186310905 ], [ -79.566606549754027, 43.617802108713128 ], [ -79.567034557517431, 43.620778396738174 ], [ -79.56560166419635, 43.621596588010377 ], [ -79.566022756593782, 43.622777008052822 ], [ -79.565596460616192, 43.624372811505083 ], [ -79.565050854154649, 43.624672901011138 ], [ -79.564194354262739, 43.624434490115171 ], [ -79.56370635965925, 43.624938803098985 ], [ -79.563556555664434, 43.626349690218959 ], [ -79.564079564076053, 43.627978905690028 ], [ -79.567122846065928, 43.628144989607613 ], [ -79.568478866622712, 43.626688602904409 ], [ -79.570108958382306, 43.62695000171307 ], [ -79.575032052035823, 43.625387686634831 ], [ -79.576856158508392, 43.626225709095195 ], [ -79.579940740441373, 43.626947697704978 ], [ -79.581621621915772, 43.628013900234279 ], [ -79.583115646902598, 43.627976702408198 ], [ -79.585246465879223, 43.628725303659984 ], [ -79.586127055933375, 43.629645893328437 ], [ -79.585185369729345, 43.631529691174194 ], [ -79.585298552430785, 43.632764290409732 ], [ -79.58597494695114, 43.633668399751933 ], [ -79.585651260069795, 43.634236690359273 ], [ -79.586140255589953, 43.635414590987168 ], [ -79.585362246886987, 43.637273684567646 ], [ -79.587073662021936, 43.639517610599782 ], [ -79.58738604712839, 43.63945500380381 ], [ -79.587040847606488, 43.639761606837297 ], [ -79.587426646327799, 43.64064080601289 ], [ -79.588245753404152, 43.641133091994085 ], [ -79.588064348066311, 43.641923787919779 ], [ -79.588357160548782, 43.642444096444059 ], [ -79.590687153688606, 43.644037489903624 ], [ -79.592391646772128, 43.644673698326002 ], [ -79.59305844594796, 43.644590008504203 ], [ -79.595399366996688, 43.643199796060671 ], [ -79.597094459190643, 43.642962601537768 ], [ -79.598468065860871, 43.643048892916404 ], [ -79.59958454244547, 43.643725105493679 ], [ -79.601971143715602, 43.644036697929629 ], [ -79.602911234939143, 43.64465879125445 ], [ -79.605077437179901, 43.644360196202705 ], [ -79.605767355582998, 43.644791591042043 ], [ -79.6070386580259, 43.644485997095963 ], [ -79.607706055383247, 43.644837797883206 ], [ -79.608851888641368, 43.646431245058523 ], [ -79.588763245131602, 43.66460958816981 ], [ -79.59119391608435, 43.668754064494173 ], [ -79.584245391330086, 43.671292099110673 ], [ -79.581997793315352, 43.672454909107756 ], [ -79.579053207794786, 43.674977397089094 ], [ -79.577599082491005, 43.677339708754062 ], [ -79.573342095272864, 43.67287489087694 ], [ -79.573071702937824, 43.671394397837233 ], [ -79.573647909716826, 43.669155107614635 ], [ -79.573078585627286, 43.667319095685215 ], [ -79.569689895119581, 43.659065190417081 ], [ -79.564154487320209, 43.647794890218982 ], [ -79.561129007659233, 43.64071140893904 ] ] ] } },
{ "type": "Feature", "properties": { "fsa": "M9L" }, "geometry": { "type": "Polygon", "coordinates": [ [ [ -79.534823418221791, 43.772694251988518 ], [ -79.530567324293926, 43.754566604630817 ], [ -79.568610896514087, 43.746240809381675 ], [ -79.573199251288955, 43.747165807355181 ], [ -79.573377717530633, 43.747772574813027 ], [ -79.572629188473897, 43.749784253689164 ], [ -79.573179633246255, 43.750366656838338 ], [ -79.575230786641384, 43.75003899821742 ], [ -79.577574394966732, 43.750267004374372 ], [ -79.579102441761634, 43.750851343783197 ], [ -79.579961268579794, 43.751561071771633 ], [ -79.582863860130232, 43.752526949842846 ], [ -79.583157281992271, 43.752756061545362 ], [ -79.583154508047315, 43.753850114264857 ], [ -79.584155558300225, 43.754234890215649 ], [ -79.584177673556439, 43.755406295336527 ], [ -79.585117907466241, 43.756166307684623 ], [ -79.585213646064901, 43.756603549187084 ], [ -79.585041435806431, 43.757051861072746 ], [ -79.583813086020385, 43.757411845702833 ], [ -79.584058684528841, 43.758337781335158 ], [ -79.583796960893764, 43.758737549244572 ], [ -79.58251204695398, 43.758518619156604 ], [ -79.581055809561235, 43.758799405275965 ], [ -79.580660822276414, 43.759208664271661 ], [ -79.580865758786558, 43.759746692574353 ], [ -79.580580756290814, 43.760368159353767 ], [ -79.579330263056519, 43.760824590876133 ], [ -79.577545856949726, 43.762058092178712 ], [ -79.577619587561628, 43.762429860314263 ], [ -79.579104348718531, 43.762152690320207 ], [ -79.580610944346589, 43.762997081453236 ], [ -79.564069904511825, 43.766752592274386 ], [ -79.534823418221791, 43.772694251988518 ] ] ] } },
{ "type": "Feature", "properties": { "fsa": "M9M" }, "geometry": { "type": "Polygon", "coordinates": [ [ [ -79.530567324293926, 43.754566604630817 ], [ -79.5262405129114, 43.73629740097342 ], [ -79.532209383618635, 43.735010325740248 ], [ -79.528499086395811, 43.720182680137128 ], [ -79.528554283132877, 43.718616777256244 ], [ -79.529637657034925, 43.714900943183835 ], [ -79.537830799613758, 43.712985326644485 ], [ -79.538184739599032, 43.714682447007689 ], [ -79.540721267749149, 43.715296374040889 ], [ -79.540522658666205, 43.716643910630026 ], [ -79.542676993416208, 43.716728757450994 ], [ -79.543803454019979, 43.717233648676242 ], [ -79.544155299571841, 43.71795944795516 ], [ -79.542639199190006, 43.720622750852073 ], [ -79.541291637968797, 43.721578930992493 ], [ -79.540696444978593, 43.7225050462147 ], [ -79.54134194150177, 43.725782997519261 ], [ -79.540807710015073, 43.726149245331044 ], [ -79.538536590074315, 43.726567241361948 ], [ -79.538224390991672, 43.726937336985195 ], [ -79.538833597348486, 43.729060444106999 ], [ -79.538485503817057, 43.731755249596858 ], [ -79.539374764858607, 43.732073152638264 ], [ -79.539323099223367, 43.730890742649919 ], [ -79.540075358532221, 43.729792858251926 ], [ -79.54147459217441, 43.729585711398229 ], [ -79.543657306244484, 43.729994498728288 ], [ -79.54473518265759, 43.73066678841009 ], [ -79.544925532915528, 43.730871430275656 ], [ -79.543897617579802, 43.731832736381314 ], [ -79.544283939919438, 43.732364255982468 ], [ -79.544937149913963, 43.732318650516909 ], [ -79.545516142448065, 43.731424707182136 ], [ -79.546802404889789, 43.731513189994679 ], [ -79.549119812428302, 43.733095763703858 ], [ -79.550435713443463, 43.733511299303423 ], [ -79.550522990364854, 43.734675882456919 ], [ -79.549019959044188, 43.735851785070828 ], [ -79.550375466966202, 43.736060725474957 ], [ -79.550525609405156, 43.736579340544466 ], [ -79.550075588500377, 43.737099450824594 ], [ -79.550081906988751, 43.73775499027758 ], [ -79.548476388370801, 43.73830308817719 ], [ -79.548255364994986, 43.739006503624218 ], [ -79.546256708195301, 43.73992955197388 ], [ -79.546257994008414, 43.740815948758737 ], [ -79.547501662549791, 43.741714996188122 ], [ -79.549244987243299, 43.741801205706011 ], [ -79.549253709229177, 43.742440132314869 ], [ -79.550355397197336, 43.742378260551739 ], [ -79.549839028075993, 43.743044516991446 ], [ -79.54986970750879, 43.743541864044779 ], [ -79.550099125061848, 43.743906635379361 ], [ -79.551459717359606, 43.744190744817153 ], [ -79.554240308654784, 43.743178864614364 ], [ -79.556464139246657, 43.743125794482033 ], [ -79.556977598533081, 43.742456590306524 ], [ -79.556800988357296, 43.741604151335636 ], [ -79.557406489873387, 43.740931598017696 ], [ -79.558424116351347, 43.741371695782803 ], [ -79.557786756837459, 43.742079993852478 ], [ -79.55842429897767, 43.742810750304983 ], [ -79.560125074795209, 43.742607487634835 ], [ -79.559326454539914, 43.741284287238045 ], [ -79.558417891899126, 43.740849636740556 ], [ -79.558600244686986, 43.740204605190904 ], [ -79.559116461583471, 43.739827496330996 ], [ -79.560573765707659, 43.739620600194762 ], [ -79.562582058837776, 43.740013487919228 ], [ -79.563215855855873, 43.740456908519505 ], [ -79.563545855926975, 43.741273198000165 ], [ -79.563337035841002, 43.7417520915929 ], [ -79.561997010257485, 43.742657107209723 ], [ -79.562481607076947, 43.743050983001034 ], [ -79.562233584047519, 43.744216756743967 ], [ -79.564477270989926, 43.745480662365132 ], [ -79.568610896514087, 43.746240809381675 ], [ -79.530567324293926, 43.754566604630817 ] ] ] } },
{ "type": "Feature", "properties": { "fsa": "M9N" }, "geometry": { "type": "Polygon", "coordinates": [ [ [ -79.505100504503559, 43.707543792178399 ], [ -79.503546612355706, 43.707640509583101 ], [ -79.499287991338633, 43.708710206511519 ], [ -79.493987310423179, 43.704967291159804 ], [ -79.503828085764425, 43.702871903419343 ], [ -79.502071007572468, 43.696618488340995 ], [ -79.504472239464008, 43.696217914247548 ], [ -79.502997244795708, 43.695488398087257 ], [ -79.506375087471312, 43.694702985826261 ], [ -79.505609612234792, 43.694044709332189 ], [ -79.509128406756631, 43.693262301325007 ], [ -79.509482710431442, 43.693987201991966 ], [ -79.512087639355272, 43.693550984563245 ], [ -79.512862148643862, 43.694092003508018 ], [ -79.51273422905517, 43.695222249561844 ], [ -79.511862754046959, 43.696498230016907 ], [ -79.512502255431542, 43.697161497479115 ], [ -79.516624685923276, 43.696786248082994 ], [ -79.518775312263301, 43.697088502454832 ], [ -79.520307995271779, 43.698118538515928 ], [ -79.520962441947376, 43.69951524737386 ], [ -79.521490439354963, 43.699906919888221 ], [ -79.528739000030313, 43.70264792509483 ], [ -79.529002204422881, 43.703222813166086 ], [ -79.531040985939228, 43.704758192501906 ], [ -79.53332526138621, 43.704975907594616 ], [ -79.535686892348764, 43.704511902172491 ], [ -79.53593672896244, 43.705005643437183 ], [ -79.535456457500757, 43.706985308400327 ], [ -79.535904303509525, 43.708245882802316 ], [ -79.538048797581126, 43.708558180054631 ], [ -79.539256385986619, 43.709483206970717 ], [ -79.539663865110342, 43.710533128986711 ], [ -79.539580569678108, 43.710973344542992 ], [ -79.538140067168982, 43.71206154627879 ], [ -79.537830799613758, 43.712985326644485 ], [ -79.532200505556958, 43.714321702445595 ], [ -79.524701691746074, 43.71590369739981 ], [ -79.507819883663302, 43.717748606828131 ], [ -79.505100504503559, 43.707543792178399 ] ] ] } },
{ "type": "Feature", "properties": { "fsa": "M9P" }, "geometry": { "type": "Polygon", "coordinates": [ [ [ -79.538048797581126, 43.708558180054631 ], [ -79.535904303509525, 43.708245882802316 ], [ -79.535676851401504, 43.707879507989738 ], [ -79.535456457500757, 43.706985308400327 ], [ -79.53593672896244, 43.705005643437183 ], [ -79.535686892348764, 43.704511902172491 ], [ -79.53332526138621, 43.704975907594616 ], [ -79.531040985939228, 43.704758192501906 ], [ -79.529002204422881, 43.703222813166086 ], [ -79.528739000030313, 43.70264792509483 ], [ -79.521490439354963, 43.699906919888221 ], [ -79.520962441947376, 43.69951524737386 ], [ -79.520307995271779, 43.698118538515928 ], [ -79.518775312263301, 43.697088502454832 ], [ -79.516624685923276, 43.696786248082994 ], [ -79.513301739149, 43.69725071925523 ], [ -79.511954501915312, 43.69679125605154 ], [ -79.511981731007765, 43.696108587049601 ], [ -79.51273422905517, 43.695222249561844 ], [ -79.512862148643862, 43.694092003508018 ], [ -79.513263684966574, 43.693553653516013 ], [ -79.513335691604226, 43.691528140288206 ], [ -79.512707946342076, 43.689673655477506 ], [ -79.512624233402903, 43.688361667453073 ], [ -79.511427840062524, 43.687182207725463 ], [ -79.511127156781569, 43.6858209536299 ], [ -79.509502812956541, 43.682838044825246 ], [ -79.508665888576729, 43.682374457716442 ], [ -79.505941713369452, 43.682282891569969 ], [ -79.505450163087232, 43.681081703172758 ], [ -79.505627357506683, 43.680350960745173 ], [ -79.507162351632402, 43.679391569531397 ], [ -79.507404022943589, 43.67886677669005 ], [ -79.512471905992953, 43.685508505026313 ], [ -79.519633294691673, 43.683899797012046 ], [ -79.520704794706731, 43.683374508970616 ], [ -79.539005183936581, 43.679829601157898 ], [ -79.546722315344979, 43.697044098373908 ], [ -79.552151291966894, 43.695787311577952 ], [ -79.551481793444339, 43.696796298410653 ], [ -79.551954978096987, 43.697836560704118 ], [ -79.559472139978283, 43.696088603522057 ], [ -79.559855310360888, 43.696920098125453 ], [ -79.547961187032115, 43.699722885860623 ], [ -79.552279422455896, 43.70948961907235 ], [ -79.537830799613758, 43.712985326644485 ], [ -79.538140067168982, 43.71206154627879 ], [ -79.539580569678108, 43.710973344542992 ], [ -79.539663865110342, 43.710533128986711 ], [ -79.539256385986619, 43.709483206970717 ], [ -79.538048797581126, 43.708558180054631 ] ] ] } },
{ "type": "Feature", "properties": { "fsa": "M9R" }, "geometry": { "type": "Polygon", "coordinates": [ [ [ -79.559855310360888, 43.696920098125453 ], [ -79.559472139978283, 43.696088603522057 ], [ -79.551954978096987, 43.697836560704118 ], [ -79.551481793444339, 43.696796298410653 ], [ -79.552151291966894, 43.695787311577952 ], [ -79.546722315344979, 43.697044098373908 ], [ -79.539005183936581, 43.679829601157898 ], [ -79.561291684488808, 43.67478710969224 ], [ -79.573566303541639, 43.673298709281759 ], [ -79.577599082491005, 43.677339708754062 ], [ -79.570190311092816, 43.69074720965304 ], [ -79.568338899081425, 43.693266004205746 ], [ -79.555835915317701, 43.707301393647818 ], [ -79.554149194328772, 43.708602909351264 ], [ -79.552279422455896, 43.70948961907235 ], [ -79.547961187032115, 43.699722885860623 ], [ -79.559855310360888, 43.696920098125453 ] ] ] } },
{ "type": "Feature", "properties": { "fsa": "M9V" }, "geometry": { "type": "Polygon", "coordinates": [ [ [ -79.577668402546195, 43.761979502475938 ], [ -79.579330263056519, 43.760824590876133 ], [ -79.580580756290814, 43.760368159353767 ], [ -79.580865758786558, 43.759746692574353 ], [ -79.580660822276414, 43.759208664271661 ], [ -79.581055809561235, 43.758799405275965 ], [ -79.58251204695398, 43.758518619156604 ], [ -79.583796960893764, 43.758737549244572 ], [ -79.584058684528841, 43.758337781335158 ], [ -79.583813086020385, 43.757411845702833 ], [ -79.585154241414713, 43.756942245333676 ], [ -79.585117907466241, 43.756166307684623 ], [ -79.584177673556439, 43.755406295336527 ], [ -79.584155558300225, 43.754234890215649 ], [ -79.583073204881941, 43.753693099870432 ], [ -79.583157281992271, 43.752756061545362 ], [ -79.579961268579794, 43.751561071771633 ], [ -79.579102441761634, 43.750851343783197 ], [ -79.577574394966732, 43.750267004374372 ], [ -79.575441539052335, 43.750035387938269 ], [ -79.573089513009961, 43.750319340916953 ], [ -79.572629188473897, 43.749784253689164 ], [ -79.573349169182308, 43.747472758553506 ], [ -79.572749525005946, 43.746923104668049 ], [ -79.567151297833632, 43.746078056635085 ], [ -79.563757469366877, 43.745189165553839 ], [ -79.562156144811667, 43.74405803964293 ], [ -79.562481607076947, 43.743050983001034 ], [ -79.561997010257485, 43.742657107209723 ], [ -79.563337035841002, 43.7417520915929 ], [ -79.563545855926975, 43.741273198000165 ], [ -79.563215855855873, 43.740456908519505 ], [ -79.562606967609128, 43.740019687626067 ], [ -79.560573765707659, 43.739620600194762 ], [ -79.559116461583471, 43.739827496330996 ], [ -79.558600244686986, 43.740204605190904 ], [ -79.558417891899126, 43.740849636740556 ], [ -79.559326454539914, 43.741284287238045 ], [ -79.560125074795209, 43.742607487634835 ], [ -79.55842429897767, 43.742810750304983 ], [ -79.557786756837459, 43.742079993852478 ], [ -79.558424116351347, 43.741371695782803 ], [ -79.557406489873387, 43.740931598017696 ], [ -79.556800988357296, 43.741604151335636 ], [ -79.556926896085471, 43.742572840508586 ], [ -79.556345246259937, 43.743174301410967 ], [ -79.554240308654784, 43.743178864614364 ], [ -79.551459717359606, 43.744190744817153 ], [ -79.550099125061848, 43.743906635379361 ], [ -79.549839028075993, 43.743044516991446 ], [ -79.550355397197336, 43.742378260551739 ], [ -79.549253709229177, 43.742440132314869 ], [ -79.549363863039019, 43.741922212498878 ], [ -79.549018049850645, 43.741692556416268 ], [ -79.547501662549791, 43.741714996188122 ], [ -79.546257994008414, 43.740815948758737 ], [ -79.546117753997493, 43.740204468874992 ], [ -79.546423013012927, 43.739797954748276 ], [ -79.548255364994986, 43.739006503624218 ], [ -79.548476388370801, 43.73830308817719 ], [ -79.549277144364282, 43.737852687939693 ], [ -79.549879216074203, 43.73792459928891 ], [ -79.550525609405156, 43.736579340544466 ], [ -79.55028026275285, 43.735944136866252 ], [ -79.549019959044188, 43.735851785070828 ], [ -79.550556500525232, 43.734459288272632 ], [ -79.55031220674816, 43.733392350994855 ], [ -79.548812875279609, 43.732887991498366 ], [ -79.548944244471542, 43.73208758844666 ], [ -79.549757351071349, 43.731792905507859 ], [ -79.549570848398247, 43.730622696600811 ], [ -79.551574857803928, 43.729953790090825 ], [ -79.554699060215796, 43.7294721894921 ], [ -79.555744133480758, 43.727989207413756 ], [ -79.557372143377336, 43.72771790109033 ], [ -79.558236657669454, 43.72796489517961 ], [ -79.557916543157006, 43.727960407567636 ], [ -79.559311251578706, 43.72889258822353 ], [ -79.566870146744563, 43.731996909396187 ], [ -79.567937856827925, 43.733554390279373 ], [ -79.568368033778214, 43.734844898749927 ], [ -79.570010033850295, 43.735924606576511 ], [ -79.572765164432397, 43.736017003955688 ], [ -79.573525657270253, 43.73586060761567 ], [ -79.577132847025453, 43.733830802891866 ], [ -79.579995857853703, 43.73300569607526 ], [ -79.580569557919318, 43.732085601874097 ], [ -79.579169958058387, 43.729308688180261 ], [ -79.579464743450757, 43.728635497637192 ], [ -79.581210255871426, 43.728215406907474 ], [ -79.583205236165739, 43.728771802086541 ], [ -79.586067634227149, 43.728967496063021 ], [ -79.589768566717936, 43.726301097794831 ], [ -79.591357633608069, 43.725697200127193 ], [ -79.591848753843024, 43.72578589190865 ], [ -79.59218176572756, 43.724968198607641 ], [ -79.592010240824195, 43.724510285564286 ], [ -79.592661630539027, 43.723861606295323 ], [ -79.595467564952727, 43.723317693077355 ], [ -79.596883051822815, 43.723828391799906 ], [ -79.598415959526534, 43.725084696204121 ], [ -79.598539440273342, 43.725966798423777 ], [ -79.598256635311927, 43.726666497744588 ], [ -79.599101940452897, 43.727679807269681 ], [ -79.600215062013376, 43.72767040643663 ], [ -79.603105695811905, 43.734228602159064 ], [ -79.60596060725787, 43.733741194021512 ], [ -79.619435216337422, 43.735282395895013 ], [ -79.623440144859302, 43.734981357798425 ], [ -79.628588346973686, 43.736865092910612 ], [ -79.630378310017548, 43.73695200696433 ], [ -79.630708859598329, 43.7366579015696 ], [ -79.636690562340519, 43.746154002766666 ], [ -79.637591849646398, 43.748287120660677 ], [ -79.639302405624903, 43.749845708010604 ], [ -79.636449304406213, 43.751045192695791 ], [ -79.63170659659302, 43.751501792271263 ], [ -79.590407454038598, 43.76077407712004 ], [ -79.589901789286145, 43.759600489934755 ], [ -79.587409410173805, 43.760119600025689 ], [ -79.583338595858109, 43.760399795484425 ], [ -79.581562097868655, 43.761166609584414 ], [ -79.579701968992666, 43.762465492861935 ], [ -79.578702008976435, 43.76207386277261 ], [ -79.577619587561628, 43.762429860314263 ], [ -79.577668402546195, 43.761979502475938 ] ] ] } },
{ "type": "Feature", "properties": { "fsa": "M9W" }, "geometry": { "type": "Polygon", "coordinates": [ [ [ -79.538795613312502, 43.729399391224845 ], [ -79.538224390991672, 43.726937336985195 ], [ -79.538536590074315, 43.726567241361948 ], [ -79.540807710015073, 43.726149245331044 ], [ -79.54134194150177, 43.725782997519261 ], [ -79.540696444978593, 43.7225050462147 ], [ -79.541291637968797, 43.721578930992493 ], [ -79.542639199190006, 43.720622750852073 ], [ -79.544155299571841, 43.71795944795516 ], [ -79.543803454019979, 43.717233648676242 ], [ -79.542676993416208, 43.716728757450994 ], [ -79.540522658666205, 43.716643910630026 ], [ -79.540721267749149, 43.715296374040889 ], [ -79.538184739599032, 43.714682447007689 ], [ -79.537830799613758, 43.712985326644485 ], [ -79.551481502048773, 43.70973380078221 ], [ -79.553631390286341, 43.708895691149657 ], [ -79.555275295464625, 43.70781919495753 ], [ -79.569362000661158, 43.691987199430898 ], [ -79.579053207794786, 43.674977397089094 ], [ -79.580688796683305, 43.673378505035551 ], [ -79.582995287953068, 43.671878095842125 ], [ -79.59119391608435, 43.668754064494173 ], [ -79.599967423399463, 43.683793748624005 ], [ -79.600599035335662, 43.686121555127926 ], [ -79.60186889161848, 43.687947064256996 ], [ -79.604711197080491, 43.693415788667771 ], [ -79.613777209176547, 43.707874592455141 ], [ -79.625818304819958, 43.729050795529687 ], [ -79.630708859598329, 43.7366579015696 ], [ -79.630378310017548, 43.73695200696433 ], [ -79.628588346973686, 43.736865092910612 ], [ -79.623440144859302, 43.734981357798425 ], [ -79.619435216337422, 43.735282395895013 ], [ -79.60596060725787, 43.733741194021512 ], [ -79.603105695811905, 43.734228602159064 ], [ -79.600215062013376, 43.72767040643663 ], [ -79.599101940452897, 43.727679807269681 ], [ -79.598256635311927, 43.726666497744588 ], [ -79.598539440273342, 43.725966798423777 ], [ -79.598415959526534, 43.725084696204121 ], [ -79.596872764650129, 43.723822302461855 ], [ -79.595335350097713, 43.723295787826387 ], [ -79.592661630539027, 43.723861606295323 ], [ -79.592010240824195, 43.724510285564286 ], [ -79.59218176572756, 43.724968198607641 ], [ -79.591848753843024, 43.72578589190865 ], [ -79.591357633608069, 43.725697200127193 ], [ -79.589768566717936, 43.726301097794831 ], [ -79.586067634227149, 43.728967496063021 ], [ -79.583205236165739, 43.728771802086541 ], [ -79.581210255871426, 43.728215406907474 ], [ -79.579464743450757, 43.728635497637192 ], [ -79.579169958058387, 43.729308688180261 ], [ -79.580569557919318, 43.732085601874097 ], [ -79.579995857853703, 43.73300569607526 ], [ -79.577132847025453, 43.733830802891866 ], [ -79.573525657270253, 43.73586060761567 ], [ -79.572765164432397, 43.736017003955688 ], [ -79.570010033850295, 43.735924606576511 ], [ -79.568368033778214, 43.734844898749927 ], [ -79.567937856827925, 43.733554390279373 ], [ -79.566870146744563, 43.731996909396187 ], [ -79.559311251578706, 43.72889258822353 ], [ -79.557916543157006, 43.727960407567636 ], [ -79.558236657669454, 43.72796489517961 ], [ -79.557307145986414, 43.727704389420339 ], [ -79.555744133480758, 43.727989207413756 ], [ -79.554699060215796, 43.7294721894921 ], [ -79.551599535602875, 43.729948289048494 ], [ -79.549618836248186, 43.730590000211073 ], [ -79.549757351071349, 43.731792905507859 ], [ -79.548944244471542, 43.73208758844666 ], [ -79.548812875279609, 43.732887991498366 ], [ -79.547184008127175, 43.731712648744434 ], [ -79.546050196329759, 43.731392298469189 ], [ -79.5453704678051, 43.731522548190149 ], [ -79.544937149913963, 43.732318650516909 ], [ -79.544283939919438, 43.732364255982468 ], [ -79.543897617579802, 43.731832736381314 ], [ -79.544925532915528, 43.730871430275656 ], [ -79.54473518265759, 43.73066678841009 ], [ -79.543657306244484, 43.729994498728288 ], [ -79.541205898052453, 43.729556639084173 ], [ -79.540075358532221, 43.729792858251926 ], [ -79.539323099223367, 43.730890742649919 ], [ -79.539433109904721, 43.73201344483077 ], [ -79.538806689983318, 43.732021457381315 ], [ -79.538485503817057, 43.731755249596858 ], [ -79.538795613312502, 43.729399391224845 ] ] ] } }
]
}
